{"id":103371714,"num_sales":1,"background_color":null,"image_url":"https://i.seadn.io/gae/1yZtR31PsLulmijqaHa3BTUX9TpCUSRxtFLyqmjV0A9iLGIzk9mFzrpV5AKdJyB-WVBRcSNYHGorLuXBtTQ0tVGvMpOhEkk5y2dhZw?w=500&auto=format","image_preview_url":"https://i.seadn.io/gae/1yZtR31PsLulmijqaHa3BTUX9TpCUSRxtFLyqmjV0A9iLGIzk9mFzrpV5AKdJyB-WVBRcSNYHGorLuXBtTQ0tVGvMpOhEkk5y2dhZw?w=500&auto=format","image_thumbnail_url":"https://i.seadn.io/gae/1yZtR31PsLulmijqaHa3BTUX9TpCUSRxtFLyqmjV0A9iLGIzk9mFzrpV5AKdJyB-WVBRcSNYHGorLuXBtTQ0tVGvMpOhEkk5y2dhZw?w=500&auto=format","image_original_url":"https://opensea-private.mypinata.cloud/ipfs/bafybeib6x4bxairvuntqnwlvfyed4dx4xlcnabzaobu627qfzo33mkbrmm/the-metaflower-super-mega-yacht.png","animation_url":"https://openseauserdata.com/files/cbf22be93353e45c8d35adc529bec105.gltf","animation_original_url":"https://opensea-private.mypinata.cloud/ipfs/bafybeib6x4bxairvuntqnwlvfyed4dx4xlcnabzaobu627qfzo33mkbrmm/the-metaflower-super-mega-yacht.gltf","name":"The Metaflower Super Mega Yacht","description":"The Metaflower is a one of one ultra luxury megayacht. With a DJ booth, helicopter landing pad, and hot tub, among other amenities, this Fantasy Collection NFT provides access to The Fantasy Marina and is designed to be the crown jewel of The Sandbox.","external_link":"https://www.sandbox.game/en/assets/the-metaflower-super-mega-yacht/b8a3d936-bee9-4cec-bee4-3ccf72137fce/","asset_contract":{"address":"0xa342f5d851e866e18ff98f351f2c6637f4478db5","asset_contract_type":"semi-fungible","created_date":"2021-01-16T12:45:09.229936","name":"Sandbox's ASSETs","nft_version":null,"opensea_version":null,"owner":null,"schema_name":"ERC1155","symbol":"ASSET","total_supply":null,"description":"The Sandbox is a community-driven platform where creators can monetize voxel assets and gaming experiences on the blockchain. The Sandbox metaverse comprises a map made up of 166,464 LANDS. LAND owners can host contests and events, stake SAND to earn and customize assets, monetize assets and experiences, vote in the metaverse governance, play games that you or others create, and more! Trade the collection and keep your eyes peeled for future drops.","external_link":null,"image_url":"https://i.seadn.io/gae/SXH8tW1siikB80rwCRnjm1a5xM_MwTg9Xl9Db6mioIk9HIlDM09pVoSR7GKJgS6ulSUpgW9BDtMk_ePX_NKgO9A?w=500&auto=format","default_to_fiat":false,"dev_buyer_fee_basis_points":0,"dev_seller_fee_basis_points":500,"only_proxied_transfers":false,"opensea_buyer_fee_basis_points":0,"opensea_seller_fee_basis_points":250,"buyer_fee_basis_points":0,"seller_fee_basis_points":750,"payout_address":"0x7a9fe22691c811ea339d9b73150e6911a5343dca"},"permalink":"https://opensea.io/assets/ethereum/0xa342f5d851e866e18ff98f351f2c6637f4478db5/69268721851518851203477350973661279010842020632441619262890672708376456069120","collection":{"banner_image_url":"https://i.seadn.io/gcs/files/b83c6be8592dc428c414e46ee34cee0f.png?w=500&auto=format","chat_url":null,"created_date":"2021-08-20T00:09:28.850930+00:00","default_to_fiat":false,"description":"A luxury real estate development project of 100 NFT private islands (comprised of NFT land in The Sandbox + architecturally unique 3D NFT villas) on the Ethereum blockchain.","dev_buyer_fee_basis_points":"0","dev_seller_fee_basis_points":"600","discord_url":"https://discord.gg/GD2jA5Qk","display_data":{"card_display_style":"contain"},"external_url":"https://app.rarible.com/collection/0x68aea268f92b715e073d2f5170039faa4b94a47b","featured":false,"featured_image_url":"https://i.seadn.io/gcs/files/5a5c033661b38668230a12959d3f4b96.png?w=500&auto=format","hidden":false,"safelist_request_status":"verified","image_url":"https://i.seadn.io/gcs/files/40d24d8c85f3d94b076b71f65a4cf7c0.png?w=500&auto=format","is_subject_to_whitelist":false,"large_image_url":"https://i.seadn.io/gcs/files/5a5c033661b38668230a12959d3f4b96.png?w=500&auto=format","medium_username":null,"name":"Fantasy Collection - Yacht Rock Edition","only_proxied_transfers":false,"opensea_buyer_fee_basis_points":"0","opensea_seller_fee_basis_points":"250","payout_address":"0x5aaf594842fe3bf5e01d007a7e2a6caedf3dd449","require_email":false,"short_description":null,"slug":"fantasy-collection-yacht","telegram_url":null,"twitter_username":"Everyrealm","instagram_username":null,"wiki_url":null,"is_nsfw":false,"fees":{"seller_fees":{"0x5aaf594842fe3bf5e01d007a7e2a6caedf3dd449":600},"opensea_fees":{"0x0000a26b00c1f0df003000390027140000faa719":250}},"is_rarity_enabled":false},"decimals":null,"token_metadata":"ipfs://bafybeictpn2uljv55h2poraapsnsjvieqprapigwxpjydq7dd23esdrxwq/0.json","is_nsfw":false,"owner":null,"seaport_sell_orders":null,"creator":{"user":{"username":"EveryrealmOfficial"},"profile_img_url":"https://storage.googleapis.com/opensea-static/opensea-profile/16.png","address":"0x9924b50b6b4a14353d1652fcd891da32c81edefc","config":""},"traits":[],"last_sale":{"asset":{"decimals":null,"token_id":"69268721851518851203477350973661279010842020632441619262890672708376456069120"},"asset_bundle":null,"event_type":"successful","event_timestamp":"2021-11-23T23:59:56","auction_type":null,"total_price":"149000000000000000000","payment_token":{"symbol":"WETH","address":"0xc02aaa39b223fe8d0a0e5c4f27ead9083c756cc2","image_url":"https://openseauserdata.com/files/accae6b6fb3888cbff27a013729c22dc.svg","name":"Wrapped Ether","decimals":18,"eth_price":"1.000000000000000","usd_price":"1215.769999999999982000"},"transaction":{"block_hash":"0xd3aba32006cc70f6024f9735dd1a78a16c90eb749987f494f27880b4cf8ec927","block_number":"13673913","from_account":{"user":{"username":"OpenSea-Rewards"},"profile_img_url":"https://storage.googleapis.com/opensea-static/opensea-profile/16.png","address":"0x9b814233894cd227f561b78cc65891aa55c62ad2","config":"verified"},"id":207369751,"timestamp":"2021-11-23T23:59:56","to_account":{"user":{"username":"OpenSea-Orders"},"profile_img_url":"https://storage.googleapis.com/opensea-static/opensea-profile/22.png","address":"0x7be8076f4ea4a4ad08075c2508e481d6c946d12b","config":"verified"},"transaction_hash":"0x4aab1b7ee60ce0425f979f05d86a4cbcc956f82cb69d29187f059cc37f0c496b","transaction_index":"21"},"created_date":"2021-11-24T00:00:09.077902","quantity":"1"},"top_bid":null,"listing_date":null,"supports_wyvern":true,"rarity_data":null,"transfer_fee":null,"transfer_fee_payment_token":null,"token_id":"69268721851518851203477350973661279010842020632441619262890672708376456069120"}
