{"id":103871522,"num_sales":0,"background_color":null,"image_url":"https://i.seadn.io/gcs/files/985919e0029dd1aab85092d57c19d6ac.png?w=500&auto=format","image_preview_url":"https://i.seadn.io/gcs/files/985919e0029dd1aab85092d57c19d6ac.png?w=500&auto=format","image_thumbnail_url":"https://i.seadn.io/gcs/files/985919e0029dd1aab85092d57c19d6ac.png?w=500&auto=format","image_original_url":"ipfs://bafybeid2el5kuct5lv4wup3pxriq3vqvw4yk5uq2vsuhwr6idhtc2la46e/table-grill.png","animation_url":"https://openseauserdata.com/files/f2c3298b6fc0087d28b62359614df6f1.gltf","animation_original_url":"ipfs://bafybeid2el5kuct5lv4wup3pxriq3vqvw4yk5uq2vsuhwr6idhtc2la46e/table-grill.gltf","name":"Table Grill","description":"Great for juicy steaks, fresh fish, and delicious kebabs, this table grill is a welcome addition to any grill master's repertoire. Come hungry and grab a drink, because tonight is a grilling night!","external_link":"https://www.sandbox.game/en/assets/table-grill/9028ff69-090e-49a4-ad68-1c6b49ebe7f7/","asset_contract":{"address":"0xa342f5d851e866e18ff98f351f2c6637f4478db5","asset_contract_type":"semi-fungible","created_date":"2021-01-16T12:45:09.229936","name":"Sandbox's ASSETs","nft_version":null,"opensea_version":null,"owner":null,"schema_name":"ERC1155","symbol":"ASSET","total_supply":null,"description":"The Sandbox is a community-driven platform where creators can monetize voxel assets and gaming experiences on the blockchain. The Sandbox metaverse comprises a map made up of 166,464 LANDS. LAND owners can host contests and events, stake SAND to earn and customize assets, monetize assets and experiences, vote in the metaverse governance, play games that you or others create, and more! Trade the collection and keep your eyes peeled for future drops.","external_link":null,"image_url":"https://i.seadn.io/gae/SXH8tW1siikB80rwCRnjm1a5xM_MwTg9Xl9Db6mioIk9HIlDM09pVoSR7GKJgS6ulSUpgW9BDtMk_ePX_NKgO9A?w=500&auto=format","default_to_fiat":false,"dev_buyer_fee_basis_points":0,"dev_seller_fee_basis_points":500,"only_proxied_transfers":false,"opensea_buyer_fee_basis_points":0,"opensea_seller_fee_basis_points":250,"buyer_fee_basis_points":0,"seller_fee_basis_points":750,"payout_address":"0x7a9fe22691c811ea339d9b73150e6911a5343dca"},"permalink":"https://opensea.io/assets/ethereum/0xa342f5d851e866e18ff98f351f2c6637f4478db5/55464657044963196816950587289035428064568320970692304673817341489688193701892","collection":{"banner_image_url":"https://i.seadn.io/gcs/files/fb46c14805de22fb1565130608b52f62.png?w=500&auto=format","chat_url":null,"created_date":"2021-11-10T22:44:32.563534+00:00","default_to_fiat":false,"description":"The Sandbox is a community-driven platform where creators can monetize voxel assets and gaming experiences on the blockchain. The Sandbox metaverse comprises a map made up of 166,464 LANDS. LAND owners can host contests and events, stake SAND to earn and customize assets, monetize assets and experiences, vote in the metaverse governance, play games that you or others create, and more! Trade the collection and keep your eyes peeled for future drops.","dev_buyer_fee_basis_points":"0","dev_seller_fee_basis_points":"500","discord_url":null,"display_data":{"card_display_style":"contain"},"external_url":null,"featured":false,"featured_image_url":"https://i.seadn.io/gae/ozsdtadqWhFswbgMReMCMmOksixr9gELXBwunGYlqpgCJ03lUkEnriujRePMooiKir9hTkIFEUtp3Gh-shqy_XRmfifdDZTqUqLyZA?w=500&auto=format","hidden":false,"safelist_request_status":"verified","image_url":"https://i.seadn.io/gae/SXH8tW1siikB80rwCRnjm1a5xM_MwTg9Xl9Db6mioIk9HIlDM09pVoSR7GKJgS6ulSUpgW9BDtMk_ePX_NKgO9A?w=500&auto=format","is_subject_to_whitelist":false,"large_image_url":"https://i.seadn.io/gae/ozsdtadqWhFswbgMReMCMmOksixr9gELXBwunGYlqpgCJ03lUkEnriujRePMooiKir9hTkIFEUtp3Gh-shqy_XRmfifdDZTqUqLyZA?w=500&auto=format","medium_username":null,"name":"The Sandbox ASSETS","only_proxied_transfers":false,"opensea_buyer_fee_basis_points":"0","opensea_seller_fee_basis_points":"250","payout_address":"0x7a9fe22691c811ea339d9b73150e6911a5343dca","require_email":false,"short_description":null,"slug":"the-sandbox-assets","telegram_url":null,"twitter_username":null,"instagram_username":null,"wiki_url":null,"is_nsfw":false,"fees":{"seller_fees":{"0x7a9fe22691c811ea339d9b73150e6911a5343dca":500},"opensea_fees":{"0x0000a26b00c1f0df003000390027140000faa719":250}},"is_rarity_enabled":false},"decimals":null,"token_metadata":"ipfs://bafybeicta4xyvbwvv3r6b5wh5wbuizbsbiogyg5qdrzb65ustcjzyfipci/4.json","is_nsfw":false,"owner":null,"seaport_sell_orders":null,"creator":{"user":{"username":"TheSandboxGame"},"profile_img_url":"https://storage.googleapis.com/opensea-static/opensea-profile/13.png","address":"0x7a9fe22691c811ea339d9b73150e6911a5343dca","config":"verified"},"traits":[],"last_sale":null,"top_bid":null,"listing_date":null,"supports_wyvern":true,"rarity_data":null,"transfer_fee":null,"transfer_fee_payment_token":null,"token_id":"55464657044963196816950587289035428064568320970692304673817341489688193701892"}
