{"id":104069756,"num_sales":5,"background_color":null,"image_url":"https://i.seadn.io/gcs/files/dc7fed1ccb17477a1784024de9ea61fc.png?w=500&auto=format","image_preview_url":"https://i.seadn.io/gcs/files/dc7fed1ccb17477a1784024de9ea61fc.png?w=500&auto=format","image_thumbnail_url":"https://i.seadn.io/gcs/files/dc7fed1ccb17477a1784024de9ea61fc.png?w=500&auto=format","image_original_url":"ipfs://bafybeigixntsp3kcpcv2m5fxzw2fqotxucyar6q7d54iqjgn42qqj52umy/constellation-nightmare-legion.png","animation_url":"https://openseauserdata.com/files/2807a91bd0a8c870ee36223579ec88c9.gltf","animation_original_url":"ipfs://bafybeigixntsp3kcpcv2m5fxzw2fqotxucyar6q7d54iqjgn42qqj52umy/constellation-nightmare-legion.gltf","name":"Constellation Nightmare Legion","description":"An undead titan, mutated and strengthened by a potent curse. These remains were exposed to the raw power of Obekli Daya, and is now slave to the ruin.","external_link":"https://www.sandbox.game/en/assets/constellation-nightmare-legion/e3cca388-6d28-45da-8692-cd65be61f0c2/","asset_contract":{"address":"0xa342f5d851e866e18ff98f351f2c6637f4478db5","asset_contract_type":"semi-fungible","created_date":"2021-01-16T12:45:09.229936","name":"Sandbox's ASSETs","nft_version":null,"opensea_version":null,"owner":null,"schema_name":"ERC1155","symbol":"ASSET","total_supply":null,"description":"The Sandbox is a community-driven platform where creators can monetize voxel assets and gaming experiences on the blockchain. The Sandbox metaverse comprises a map made up of 166,464 LANDS. LAND owners can host contests and events, stake SAND to earn and customize assets, monetize assets and experiences, vote in the metaverse governance, play games that you or others create, and more! Trade the collection and keep your eyes peeled for future drops.","external_link":null,"image_url":"https://i.seadn.io/gae/SXH8tW1siikB80rwCRnjm1a5xM_MwTg9Xl9Db6mioIk9HIlDM09pVoSR7GKJgS6ulSUpgW9BDtMk_ePX_NKgO9A?w=500&auto=format","default_to_fiat":false,"dev_buyer_fee_basis_points":0,"dev_seller_fee_basis_points":500,"only_proxied_transfers":false,"opensea_buyer_fee_basis_points":0,"opensea_seller_fee_basis_points":250,"buyer_fee_basis_points":0,"seller_fee_basis_points":750,"payout_address":"0x7a9fe22691c811ea339d9b73150e6911a5343dca"},"permalink":"https://opensea.io/assets/ethereum/0xa342f5d851e866e18ff98f351f2c6637f4478db5/49881744311923053774712475668516322251665809890290320360081815514175640719360","collection":{"banner_image_url":"https://i.seadn.io/gcs/files/fb46c14805de22fb1565130608b52f62.png?w=500&auto=format","chat_url":null,"created_date":"2021-11-10T22:44:32.563534+00:00","default_to_fiat":false,"description":"The Sandbox is a community-driven platform where creators can monetize voxel assets and gaming experiences on the blockchain. The Sandbox metaverse comprises a map made up of 166,464 LANDS. LAND owners can host contests and events, stake SAND to earn and customize assets, monetize assets and experiences, vote in the metaverse governance, play games that you or others create, and more! Trade the collection and keep your eyes peeled for future drops.","dev_buyer_fee_basis_points":"0","dev_seller_fee_basis_points":"500","discord_url":null,"display_data":{"card_display_style":"contain"},"external_url":null,"featured":false,"featured_image_url":"https://i.seadn.io/gae/ozsdtadqWhFswbgMReMCMmOksixr9gELXBwunGYlqpgCJ03lUkEnriujRePMooiKir9hTkIFEUtp3Gh-shqy_XRmfifdDZTqUqLyZA?w=500&auto=format","hidden":false,"safelist_request_status":"verified","image_url":"https://i.seadn.io/gae/SXH8tW1siikB80rwCRnjm1a5xM_MwTg9Xl9Db6mioIk9HIlDM09pVoSR7GKJgS6ulSUpgW9BDtMk_ePX_NKgO9A?w=500&auto=format","is_subject_to_whitelist":false,"large_image_url":"https://i.seadn.io/gae/ozsdtadqWhFswbgMReMCMmOksixr9gELXBwunGYlqpgCJ03lUkEnriujRePMooiKir9hTkIFEUtp3Gh-shqy_XRmfifdDZTqUqLyZA?w=500&auto=format","medium_username":null,"name":"The Sandbox ASSETS","only_proxied_transfers":false,"opensea_buyer_fee_basis_points":"0","opensea_seller_fee_basis_points":"250","payout_address":"0x7a9fe22691c811ea339d9b73150e6911a5343dca","require_email":false,"short_description":null,"slug":"the-sandbox-assets","telegram_url":null,"twitter_username":null,"instagram_username":null,"wiki_url":null,"is_nsfw":false,"fees":{"seller_fees":{"0x7a9fe22691c811ea339d9b73150e6911a5343dca":500},"opensea_fees":{"0x0000a26b00c1f0df003000390027140000faa719":250}},"is_rarity_enabled":false},"decimals":null,"token_metadata":"ipfs://bafybeia4rc3hlxljt6fnkhrqsnbgfjwvg2klmpsaesu7coczdsaeue7o5i/0.json","is_nsfw":false,"owner":null,"seaport_sell_orders":null,"creator":{"user":{"username":"PrimordialGameStudios"},"profile_img_url":"https://storage.googleapis.com/opensea-static/opensea-profile/4.png","address":"0x6e4811181688aabbeb7f0aedf6d565ef169c41b6","config":""},"traits":[],"last_sale":{"asset":{"decimals":null,"token_id":"49881744311923053774712475668516322251665809890290320360081815514175640719360"},"asset_bundle":null,"event_type":"successful","event_timestamp":"2022-11-09T15:26:35","auction_type":null,"total_price":"700000","payment_token":{"symbol":"USDC","address":"0xa0b86991c6218b36c1d19d4a2e9eb0ce3606eb48","image_url":"https://openseauserdata.com/files/749015f009a66abcb3bbb3502ae2f1ce.svg","name":"USD Coin","decimals":6,"eth_price":"0.000822270000000","usd_price":"1.001000000000000000"},"transaction":null,"created_date":"2022-11-09T15:26:40.312177","quantity":"2"},"top_bid":null,"listing_date":null,"supports_wyvern":true,"rarity_data":null,"transfer_fee":null,"transfer_fee_payment_token":null,"token_id":"49881744311923053774712475668516322251665809890290320360081815514175640719360"}
