{"id":104069794,"num_sales":10,"background_color":null,"image_url":"https://i.seadn.io/gcs/files/4abcefa7ee8cab468b647537bc47c9f3.png?w=500&auto=format","image_preview_url":"https://i.seadn.io/gcs/files/4abcefa7ee8cab468b647537bc47c9f3.png?w=500&auto=format","image_thumbnail_url":"https://i.seadn.io/gcs/files/4abcefa7ee8cab468b647537bc47c9f3.png?w=500&auto=format","image_original_url":"ipfs://bafybeifs2h2uqoyuj772ikcqmbklvhg4dvhugyu3ge6irr5cmetkbclee4/barbaric-nightmare-legion.png","animation_url":"https://openseauserdata.com/files/fd7a30c825c8eea550acb4da3a8cf609.gltf","animation_original_url":"ipfs://bafybeifs2h2uqoyuj772ikcqmbklvhg4dvhugyu3ge6irr5cmetkbclee4/barbaric-nightmare-legion.gltf","name":"Barbaric Nightmare Legion","description":"An undead titan, mutated and strengthened by a potent curse. This corpse has been in so many fights, the blood of its victims mixed with the sigils.","external_link":"https://www.sandbox.game/en/assets/barbaric-nightmare-legion/564585ed-a6b2-42d6-95e5-87c6dcd99905/","asset_contract":{"address":"0xa342f5d851e866e18ff98f351f2c6637f4478db5","asset_contract_type":"semi-fungible","created_date":"2021-01-16T12:45:09.229936","name":"Sandbox's ASSETs","nft_version":null,"opensea_version":null,"owner":null,"schema_name":"ERC1155","symbol":"ASSET","total_supply":null,"description":"The Sandbox is a community-driven platform where creators can monetize voxel assets and gaming experiences on the blockchain. The Sandbox metaverse comprises a map made up of 166,464 LANDS. LAND owners can host contests and events, stake SAND to earn and customize assets, monetize assets and experiences, vote in the metaverse governance, play games that you or others create, and more! Trade the collection and keep your eyes peeled for future drops.","external_link":null,"image_url":"https://i.seadn.io/gae/SXH8tW1siikB80rwCRnjm1a5xM_MwTg9Xl9Db6mioIk9HIlDM09pVoSR7GKJgS6ulSUpgW9BDtMk_ePX_NKgO9A?w=500&auto=format","default_to_fiat":false,"dev_buyer_fee_basis_points":0,"dev_seller_fee_basis_points":500,"only_proxied_transfers":false,"opensea_buyer_fee_basis_points":0,"opensea_seller_fee_basis_points":250,"buyer_fee_basis_points":0,"seller_fee_basis_points":750,"payout_address":"0x7a9fe22691c811ea339d9b73150e6911a5343dca"},"permalink":"https://opensea.io/assets/ethereum/0xa342f5d851e866e18ff98f351f2c6637f4478db5/49881744311923053774712475668516322251665809890290320360081815514175640719362","collection":{"banner_image_url":"https://i.seadn.io/gcs/files/fb46c14805de22fb1565130608b52f62.png?w=500&auto=format","chat_url":null,"created_date":"2021-11-10T22:44:32.563534+00:00","default_to_fiat":false,"description":"The Sandbox is a community-driven platform where creators can monetize voxel assets and gaming experiences on the blockchain. The Sandbox metaverse comprises a map made up of 166,464 LANDS. LAND owners can host contests and events, stake SAND to earn and customize assets, monetize assets and experiences, vote in the metaverse governance, play games that you or others create, and more! Trade the collection and keep your eyes peeled for future drops.","dev_buyer_fee_basis_points":"0","dev_seller_fee_basis_points":"500","discord_url":null,"display_data":{"card_display_style":"contain"},"external_url":null,"featured":false,"featured_image_url":"https://i.seadn.io/gae/ozsdtadqWhFswbgMReMCMmOksixr9gELXBwunGYlqpgCJ03lUkEnriujRePMooiKir9hTkIFEUtp3Gh-shqy_XRmfifdDZTqUqLyZA?w=500&auto=format","hidden":false,"safelist_request_status":"verified","image_url":"https://i.seadn.io/gae/SXH8tW1siikB80rwCRnjm1a5xM_MwTg9Xl9Db6mioIk9HIlDM09pVoSR7GKJgS6ulSUpgW9BDtMk_ePX_NKgO9A?w=500&auto=format","is_subject_to_whitelist":false,"large_image_url":"https://i.seadn.io/gae/ozsdtadqWhFswbgMReMCMmOksixr9gELXBwunGYlqpgCJ03lUkEnriujRePMooiKir9hTkIFEUtp3Gh-shqy_XRmfifdDZTqUqLyZA?w=500&auto=format","medium_username":null,"name":"The Sandbox ASSETS","only_proxied_transfers":false,"opensea_buyer_fee_basis_points":"0","opensea_seller_fee_basis_points":"250","payout_address":"0x7a9fe22691c811ea339d9b73150e6911a5343dca","require_email":false,"short_description":null,"slug":"the-sandbox-assets","telegram_url":null,"twitter_username":null,"instagram_username":null,"wiki_url":null,"is_nsfw":false,"fees":{"seller_fees":{"0x7a9fe22691c811ea339d9b73150e6911a5343dca":500},"opensea_fees":{"0x0000a26b00c1f0df003000390027140000faa719":250}},"is_rarity_enabled":false},"decimals":null,"token_metadata":"ipfs://bafybeia4rc3hlxljt6fnkhrqsnbgfjwvg2klmpsaesu7coczdsaeue7o5i/2.json","is_nsfw":false,"owner":null,"seaport_sell_orders":null,"creator":{"user":{"username":"PrimordialGameStudios"},"profile_img_url":"https://storage.googleapis.com/opensea-static/opensea-profile/4.png","address":"0x6e4811181688aabbeb7f0aedf6d565ef169c41b6","config":""},"traits":[],"last_sale":{"asset":{"decimals":null,"token_id":"49881744311923053774712475668516322251665809890290320360081815514175640719362"},"asset_bundle":null,"event_type":"successful","event_timestamp":"2022-12-16T00:40:47","auction_type":null,"total_price":"4000000000000000","payment_token":{"symbol":"WETH","address":"0xc02aaa39b223fe8d0a0e5c4f27ead9083c756cc2","image_url":"https://openseauserdata.com/files/accae6b6fb3888cbff27a013729c22dc.svg","name":"Wrapped Ether","decimals":18,"eth_price":"1.000000000000000","usd_price":"1215.769999999999982000"},"transaction":{"block_hash":"0x6a0f6e89067aa6d293ba44b9f11c953cb00bcc387405e773e0cd3ba97d2a456d","block_number":"16193737","from_account":{"user":{"username":"heirloomsntrophies"},"profile_img_url":"https://storage.googleapis.com/opensea-static/opensea-profile/25.png","address":"0x7a6d28985a0a7160941528fc0ae78eacbfb1f84e","config":""},"id":868644723,"timestamp":"2022-12-16T00:40:47","to_account":{"user":null,"profile_img_url":"https://storage.googleapis.com/opensea-static/opensea-profile/11.png","address":"0x00000000006c3852cbef3e08e8df289169ede581","config":""},"transaction_hash":"0xf280f298cdeeb8fe1cd1a74386a66c16b52338b87823be26551461e38dac3153","transaction_index":"121"},"created_date":"2022-12-16T00:40:50.321006","quantity":"1"},"top_bid":null,"listing_date":null,"supports_wyvern":true,"rarity_data":null,"transfer_fee":null,"transfer_fee_payment_token":null,"token_id":"49881744311923053774712475668516322251665809890290320360081815514175640719362"}
