{"id":104281559,"num_sales":3,"background_color":null,"image_url":"https://i.seadn.io/gcs/files/dfdd0f9e5b3b45b1889010082c0f0030.png?w=500&auto=format","image_preview_url":"https://i.seadn.io/gcs/files/dfdd0f9e5b3b45b1889010082c0f0030.png?w=500&auto=format","image_thumbnail_url":"https://i.seadn.io/gcs/files/dfdd0f9e5b3b45b1889010082c0f0030.png?w=500&auto=format","image_original_url":"ipfs://bafybeidjn52tkv7a36ufv2uqr6z5xr6pl6msxjmsezukhgvuvkvssc3num/metaverse-weeping-willow.png","animation_url":"https://openseauserdata.com/files/6c0a59842ae90e12989036cec3a6df47.gltf","animation_original_url":"ipfs://bafybeidjn52tkv7a36ufv2uqr6z5xr6pl6msxjmsezukhgvuvkvssc3num/metaverse-weeping-willow.gltf","name":"Metaverse Weeping Willow","description":"When the wind blows through the branches of this weeping willow, the Voxelite can be seen escaping in a myriad of tiny fluttering sparks.","external_link":"https://www.sandbox.game/en/assets/metaverse-weeping-willow/3d16331d-61b9-48be-9c95-92727b514643/","asset_contract":{"address":"0xa342f5d851e866e18ff98f351f2c6637f4478db5","asset_contract_type":"semi-fungible","created_date":"2021-01-16T12:45:09.229936","name":"Sandbox's ASSETs","nft_version":null,"opensea_version":null,"owner":null,"schema_name":"ERC1155","symbol":"ASSET","total_supply":null,"description":"The Sandbox is a community-driven platform where creators can monetize voxel assets and gaming experiences on the blockchain. The Sandbox metaverse comprises a map made up of 166,464 LANDS. LAND owners can host contests and events, stake SAND to earn and customize assets, monetize assets and experiences, vote in the metaverse governance, play games that you or others create, and more! Trade the collection and keep your eyes peeled for future drops.","external_link":null,"image_url":"https://i.seadn.io/gae/SXH8tW1siikB80rwCRnjm1a5xM_MwTg9Xl9Db6mioIk9HIlDM09pVoSR7GKJgS6ulSUpgW9BDtMk_ePX_NKgO9A?w=500&auto=format","default_to_fiat":false,"dev_buyer_fee_basis_points":0,"dev_seller_fee_basis_points":500,"only_proxied_transfers":false,"opensea_buyer_fee_basis_points":0,"opensea_seller_fee_basis_points":250,"buyer_fee_basis_points":0,"seller_fee_basis_points":750,"payout_address":"0x7a9fe22691c811ea339d9b73150e6911a5343dca"},"permalink":"https://opensea.io/assets/ethereum/0xa342f5d851e866e18ff98f351f2c6637f4478db5/55464657044963196816950587289035428064568320970692304673817341489688210335744","collection":{"banner_image_url":"https://i.seadn.io/gcs/files/fb46c14805de22fb1565130608b52f62.png?w=500&auto=format","chat_url":null,"created_date":"2021-11-10T22:44:32.563534+00:00","default_to_fiat":false,"description":"The Sandbox is a community-driven platform where creators can monetize voxel assets and gaming experiences on the blockchain. The Sandbox metaverse comprises a map made up of 166,464 LANDS. LAND owners can host contests and events, stake SAND to earn and customize assets, monetize assets and experiences, vote in the metaverse governance, play games that you or others create, and more! Trade the collection and keep your eyes peeled for future drops.","dev_buyer_fee_basis_points":"0","dev_seller_fee_basis_points":"500","discord_url":null,"display_data":{"card_display_style":"contain"},"external_url":null,"featured":false,"featured_image_url":"https://i.seadn.io/gae/ozsdtadqWhFswbgMReMCMmOksixr9gELXBwunGYlqpgCJ03lUkEnriujRePMooiKir9hTkIFEUtp3Gh-shqy_XRmfifdDZTqUqLyZA?w=500&auto=format","hidden":false,"safelist_request_status":"verified","image_url":"https://i.seadn.io/gae/SXH8tW1siikB80rwCRnjm1a5xM_MwTg9Xl9Db6mioIk9HIlDM09pVoSR7GKJgS6ulSUpgW9BDtMk_ePX_NKgO9A?w=500&auto=format","is_subject_to_whitelist":false,"large_image_url":"https://i.seadn.io/gae/ozsdtadqWhFswbgMReMCMmOksixr9gELXBwunGYlqpgCJ03lUkEnriujRePMooiKir9hTkIFEUtp3Gh-shqy_XRmfifdDZTqUqLyZA?w=500&auto=format","medium_username":null,"name":"The Sandbox ASSETS","only_proxied_transfers":false,"opensea_buyer_fee_basis_points":"0","opensea_seller_fee_basis_points":"250","payout_address":"0x7a9fe22691c811ea339d9b73150e6911a5343dca","require_email":false,"short_description":null,"slug":"the-sandbox-assets","telegram_url":null,"twitter_username":null,"instagram_username":null,"wiki_url":null,"is_nsfw":false,"fees":{"seller_fees":{"0x7a9fe22691c811ea339d9b73150e6911a5343dca":500},"opensea_fees":{"0x0000a26b00c1f0df003000390027140000faa719":250}},"is_rarity_enabled":false},"decimals":null,"token_metadata":"ipfs://bafybeia7qpncsa3hrcv2zn3y7p2c4w7e2pno4lzifckkfad4zt7reearle/0.json","is_nsfw":false,"owner":null,"seaport_sell_orders":null,"creator":{"user":{"username":"TheSandboxGame"},"profile_img_url":"https://storage.googleapis.com/opensea-static/opensea-profile/13.png","address":"0x7a9fe22691c811ea339d9b73150e6911a5343dca","config":"verified"},"traits":[],"last_sale":{"asset":{"decimals":null,"token_id":"55464657044963196816950587289035428064568320970692304673817341489688210335744"},"asset_bundle":null,"event_type":"successful","event_timestamp":"2022-03-01T00:49:24","auction_type":null,"total_price":"1000000000000000000","payment_token":{"symbol":"WETH","address":"0xc02aaa39b223fe8d0a0e5c4f27ead9083c756cc2","image_url":"https://openseauserdata.com/files/accae6b6fb3888cbff27a013729c22dc.svg","name":"Wrapped Ether","decimals":18,"eth_price":"1.000000000000000","usd_price":"1215.769999999999982000"},"transaction":{"block_hash":"0x303c8aecc02dacd5c58f24977ed944f68177571e6aca875575cb7697a609171e","block_number":"14297974","from_account":{"user":{"username":"Govind-1993"},"profile_img_url":"https://storage.googleapis.com/opensea-static/opensea-profile/5.png","address":"0x9d59ccba7fa05e74c533ab54f1fe8b239f9108de","config":""},"id":288836086,"timestamp":"2022-03-01T00:49:24","to_account":{"user":null,"profile_img_url":"https://storage.googleapis.com/opensea-static/opensea-profile/28.png","address":"0x7f268357a8c2552623316e2562d90e642bb538e5","config":""},"transaction_hash":"0x10bb31c4a0a0bcc61041ca8d803d26423e3e615852410aa08f2c312cd2811d2b","transaction_index":"217"},"created_date":"2022-03-01T00:49:52.671140","quantity":"1"},"top_bid":null,"listing_date":null,"supports_wyvern":true,"rarity_data":null,"transfer_fee":null,"transfer_fee_payment_token":null,"token_id":"55464657044963196816950587289035428064568320970692304673817341489688210335744"}
