{"id":104777757,"num_sales":3,"background_color":null,"image_url":"https://i.seadn.io/gcs/files/467700d9febd32f039d7f3f7a752fc75.png?w=500&auto=format","image_preview_url":"https://i.seadn.io/gcs/files/467700d9febd32f039d7f3f7a752fc75.png?w=500&auto=format","image_thumbnail_url":"https://i.seadn.io/gcs/files/467700d9febd32f039d7f3f7a752fc75.png?w=500&auto=format","image_original_url":"ipfs://bafybeigokcghbeulblutjim6bots63g56k2eth27lbwlxoqti6gpnoz3tm/alchemy-table.png","animation_url":"https://openseauserdata.com/files/3d0146103c67be0fef9b9cf4f389e54b.gltf","animation_original_url":"ipfs://bafybeigokcghbeulblutjim6bots63g56k2eth27lbwlxoqti6gpnoz3tm/alchemy-table.gltf","name":"Alchemy Table","description":"The scientist left a table full of chemical potions made and in a hurry, he dropped one ...","external_link":"https://www.sandbox.game/en/assets/alchemy-table/40ccb1e8-a5bb-4d5c-96fe-969dfdf80aa2/","asset_contract":{"address":"0xa342f5d851e866e18ff98f351f2c6637f4478db5","asset_contract_type":"semi-fungible","created_date":"2021-01-16T12:45:09.229936","name":"Sandbox's ASSETs","nft_version":null,"opensea_version":null,"owner":null,"schema_name":"ERC1155","symbol":"ASSET","total_supply":null,"description":"The Sandbox is a community-driven platform where creators can monetize voxel assets and gaming experiences on the blockchain. The Sandbox metaverse comprises a map made up of 166,464 LANDS. LAND owners can host contests and events, stake SAND to earn and customize assets, monetize assets and experiences, vote in the metaverse governance, play games that you or others create, and more! Trade the collection and keep your eyes peeled for future drops.","external_link":null,"image_url":"https://i.seadn.io/gae/SXH8tW1siikB80rwCRnjm1a5xM_MwTg9Xl9Db6mioIk9HIlDM09pVoSR7GKJgS6ulSUpgW9BDtMk_ePX_NKgO9A?w=500&auto=format","default_to_fiat":false,"dev_buyer_fee_basis_points":0,"dev_seller_fee_basis_points":500,"only_proxied_transfers":false,"opensea_buyer_fee_basis_points":0,"opensea_seller_fee_basis_points":250,"buyer_fee_basis_points":0,"seller_fee_basis_points":750,"payout_address":"0x7a9fe22691c811ea339d9b73150e6911a5343dca"},"permalink":"https://opensea.io/assets/ethereum/0xa342f5d851e866e18ff98f351f2c6637f4478db5/43937653763083931022824531632007485298759674931936403815558312588999512821761","collection":{"banner_image_url":"https://i.seadn.io/gcs/files/fb46c14805de22fb1565130608b52f62.png?w=500&auto=format","chat_url":null,"created_date":"2021-11-10T22:44:32.563534+00:00","default_to_fiat":false,"description":"The Sandbox is a community-driven platform where creators can monetize voxel assets and gaming experiences on the blockchain. The Sandbox metaverse comprises a map made up of 166,464 LANDS. LAND owners can host contests and events, stake SAND to earn and customize assets, monetize assets and experiences, vote in the metaverse governance, play games that you or others create, and more! Trade the collection and keep your eyes peeled for future drops.","dev_buyer_fee_basis_points":"0","dev_seller_fee_basis_points":"500","discord_url":null,"display_data":{"card_display_style":"contain"},"external_url":null,"featured":false,"featured_image_url":"https://i.seadn.io/gae/ozsdtadqWhFswbgMReMCMmOksixr9gELXBwunGYlqpgCJ03lUkEnriujRePMooiKir9hTkIFEUtp3Gh-shqy_XRmfifdDZTqUqLyZA?w=500&auto=format","hidden":false,"safelist_request_status":"verified","image_url":"https://i.seadn.io/gae/SXH8tW1siikB80rwCRnjm1a5xM_MwTg9Xl9Db6mioIk9HIlDM09pVoSR7GKJgS6ulSUpgW9BDtMk_ePX_NKgO9A?w=500&auto=format","is_subject_to_whitelist":false,"large_image_url":"https://i.seadn.io/gae/ozsdtadqWhFswbgMReMCMmOksixr9gELXBwunGYlqpgCJ03lUkEnriujRePMooiKir9hTkIFEUtp3Gh-shqy_XRmfifdDZTqUqLyZA?w=500&auto=format","medium_username":null,"name":"The Sandbox ASSETS","only_proxied_transfers":false,"opensea_buyer_fee_basis_points":"0","opensea_seller_fee_basis_points":"250","payout_address":"0x7a9fe22691c811ea339d9b73150e6911a5343dca","require_email":false,"short_description":null,"slug":"the-sandbox-assets","telegram_url":null,"twitter_username":null,"instagram_username":null,"wiki_url":null,"is_nsfw":false,"fees":{"seller_fees":{"0x7a9fe22691c811ea339d9b73150e6911a5343dca":500},"opensea_fees":{"0x0000a26b00c1f0df003000390027140000faa719":250}},"is_rarity_enabled":false},"decimals":null,"token_metadata":"ipfs://bafybeigymazc4aslztrdtakigbojhkdgmsxm6f3czm5gawv2j6emoz4x74/1.json","is_nsfw":false,"owner":null,"seaport_sell_orders":null,"creator":{"user":{"username":"Mr_Gold_Artist"},"profile_img_url":"https://storage.googleapis.com/opensea-static/opensea-profile/7.png","address":"0x6123d4abd919f6c17a218546a5b35b15a7fb354b","config":""},"traits":[],"last_sale":{"asset":{"decimals":null,"token_id":"43937653763083931022824531632007485298759674931936403815558312588999512821761"},"asset_bundle":null,"event_type":"successful","event_timestamp":"2022-01-10T06:56:51","auction_type":null,"total_price":"59000000000000000","payment_token":{"symbol":"ETH","address":"0x0000000000000000000000000000000000000000","image_url":"https://openseauserdata.com/files/6f8e2979d428180222796ff4a33ab929.svg","name":"Ether","decimals":18,"eth_price":"1.000000000000000","usd_price":"1215.769999999999982000"},"transaction":{"block_hash":"0xdcd630972f34c37ac037f50c151eb620b80030965a7d52c8f8efde4c92eda4bb","block_number":"13976271","from_account":{"user":{"username":"ArturoNFT"},"profile_img_url":"https://storage.googleapis.com/opensea-static/opensea-profile/33.png","address":"0x286095ef7a264c9db7008bbf2098ab763eb0b25f","config":""},"id":244199136,"timestamp":"2022-01-10T06:56:51","to_account":{"user":{"username":"OpenSea-Orders"},"profile_img_url":"https://storage.googleapis.com/opensea-static/opensea-profile/22.png","address":"0x7be8076f4ea4a4ad08075c2508e481d6c946d12b","config":"verified"},"transaction_hash":"0xf71a0ea3807de80b9bee0dc6655026bba4cd6ced1e3410fbe8bfea56802e28ad","transaction_index":"196"},"created_date":"2022-01-10T06:57:17.178924","quantity":"1"},"top_bid":null,"listing_date":null,"supports_wyvern":true,"rarity_data":null,"transfer_fee":null,"transfer_fee_payment_token":null,"token_id":"43937653763083931022824531632007485298759674931936403815558312588999512821761"}
