{"id":105029536,"num_sales":3,"background_color":null,"image_url":"https://i.seadn.io/gcs/files/cc33f769edd2100961d589e9b9d42bd8.png?w=500&auto=format","image_preview_url":"https://i.seadn.io/gcs/files/cc33f769edd2100961d589e9b9d42bd8.png?w=500&auto=format","image_thumbnail_url":"https://i.seadn.io/gcs/files/cc33f769edd2100961d589e9b9d42bd8.png?w=500&auto=format","image_original_url":"ipfs://bafybeid7zmvctv65lm5ueyt5hgaszmd7t4ti2c3jaf7bbi5gsjebhotcme/decayed-wooden-fence.png","animation_url":"https://openseauserdata.com/files/f9e3cd73d607f69f68c57cdd1ab4468e.gltf","animation_original_url":"ipfs://bafybeid7zmvctv65lm5ueyt5hgaszmd7t4ti2c3jaf7bbi5gsjebhotcme/decayed-wooden-fence.gltf","name":"Decayed Wooden Fence","description":"Going to need to get a farm hand out here and fix this up. We can't have the cattle running amok.","external_link":"https://www.sandbox.game/en/assets/decayed-wooden-fence/63e3a47a-c271-4c81-b307-337d0275c5b5/","asset_contract":{"address":"0xa342f5d851e866e18ff98f351f2c6637f4478db5","asset_contract_type":"semi-fungible","created_date":"2021-01-16T12:45:09.229936","name":"Sandbox's ASSETs","nft_version":null,"opensea_version":null,"owner":null,"schema_name":"ERC1155","symbol":"ASSET","total_supply":null,"description":"The Sandbox is a community-driven platform where creators can monetize voxel assets and gaming experiences on the blockchain. The Sandbox metaverse comprises a map made up of 166,464 LANDS. LAND owners can host contests and events, stake SAND to earn and customize assets, monetize assets and experiences, vote in the metaverse governance, play games that you or others create, and more! Trade the collection and keep your eyes peeled for future drops.","external_link":null,"image_url":"https://i.seadn.io/gae/SXH8tW1siikB80rwCRnjm1a5xM_MwTg9Xl9Db6mioIk9HIlDM09pVoSR7GKJgS6ulSUpgW9BDtMk_ePX_NKgO9A?w=500&auto=format","default_to_fiat":false,"dev_buyer_fee_basis_points":0,"dev_seller_fee_basis_points":500,"only_proxied_transfers":false,"opensea_buyer_fee_basis_points":0,"opensea_seller_fee_basis_points":250,"buyer_fee_basis_points":0,"seller_fee_basis_points":750,"payout_address":"0x7a9fe22691c811ea339d9b73150e6911a5343dca"},"permalink":"https://opensea.io/assets/ethereum/0xa342f5d851e866e18ff98f351f2c6637f4478db5/49392585334205836478376186509019092066300290911888247364576238128062233864196","collection":{"banner_image_url":"https://i.seadn.io/gcs/files/fb46c14805de22fb1565130608b52f62.png?w=500&auto=format","chat_url":null,"created_date":"2021-11-10T22:44:32.563534+00:00","default_to_fiat":false,"description":"The Sandbox is a community-driven platform where creators can monetize voxel assets and gaming experiences on the blockchain. The Sandbox metaverse comprises a map made up of 166,464 LANDS. LAND owners can host contests and events, stake SAND to earn and customize assets, monetize assets and experiences, vote in the metaverse governance, play games that you or others create, and more! Trade the collection and keep your eyes peeled for future drops.","dev_buyer_fee_basis_points":"0","dev_seller_fee_basis_points":"500","discord_url":null,"display_data":{"card_display_style":"contain"},"external_url":null,"featured":false,"featured_image_url":"https://i.seadn.io/gae/ozsdtadqWhFswbgMReMCMmOksixr9gELXBwunGYlqpgCJ03lUkEnriujRePMooiKir9hTkIFEUtp3Gh-shqy_XRmfifdDZTqUqLyZA?w=500&auto=format","hidden":false,"safelist_request_status":"verified","image_url":"https://i.seadn.io/gae/SXH8tW1siikB80rwCRnjm1a5xM_MwTg9Xl9Db6mioIk9HIlDM09pVoSR7GKJgS6ulSUpgW9BDtMk_ePX_NKgO9A?w=500&auto=format","is_subject_to_whitelist":false,"large_image_url":"https://i.seadn.io/gae/ozsdtadqWhFswbgMReMCMmOksixr9gELXBwunGYlqpgCJ03lUkEnriujRePMooiKir9hTkIFEUtp3Gh-shqy_XRmfifdDZTqUqLyZA?w=500&auto=format","medium_username":null,"name":"The Sandbox ASSETS","only_proxied_transfers":false,"opensea_buyer_fee_basis_points":"0","opensea_seller_fee_basis_points":"250","payout_address":"0x7a9fe22691c811ea339d9b73150e6911a5343dca","require_email":false,"short_description":null,"slug":"the-sandbox-assets","telegram_url":null,"twitter_username":null,"instagram_username":null,"wiki_url":null,"is_nsfw":false,"fees":{"seller_fees":{"0x7a9fe22691c811ea339d9b73150e6911a5343dca":500},"opensea_fees":{"0x0000a26b00c1f0df003000390027140000faa719":250}},"is_rarity_enabled":false},"decimals":null,"token_metadata":"ipfs://bafybeiaznpd4cujy3pkoa2krrmvgqou5unlenwitftcwoizz3yuslzgoha/4.json","is_nsfw":false,"owner":null,"seaport_sell_orders":null,"creator":{"user":{"username":"NecrobombIcon"},"profile_img_url":"https://storage.googleapis.com/opensea-static/opensea-profile/4.png","address":"0x6d33366d332c64a1dad899d7d71a799000eb8be4","config":""},"traits":[],"last_sale":{"asset":{"decimals":null,"token_id":"49392585334205836478376186509019092066300290911888247364576238128062233864196"},"asset_bundle":null,"event_type":"successful","event_timestamp":"2022-06-19T12:52:51","auction_type":null,"total_price":"7200000000000000","payment_token":{"symbol":"ETH","address":"0x0000000000000000000000000000000000000000","image_url":"https://openseauserdata.com/files/6f8e2979d428180222796ff4a33ab929.svg","name":"Ether","decimals":18,"eth_price":"1.000000000000000","usd_price":"1215.769999999999982000"},"transaction":{"block_hash":"0xcbf94a83024c9b226fc7297e56f9fa4f0a0c6cc38388ef62e3bbc5ee42f9e03c","block_number":"14990881","from_account":{"user":{"username":"Karontyan"},"profile_img_url":"https://storage.googleapis.com/opensea-static/opensea-profile/32.png","address":"0x5cb0b084994a7323bdb6ce9f1b9b696877b31c73","config":""},"id":401507257,"timestamp":"2022-06-19T12:52:51","to_account":{"user":null,"profile_img_url":"https://storage.googleapis.com/opensea-static/opensea-profile/28.png","address":"0x7f268357a8c2552623316e2562d90e642bb538e5","config":""},"transaction_hash":"0x9067802bcbe61d8f744e79f35847b3dddd893d7d23105d77d2bf616948be3b1b","transaction_index":"244"},"created_date":"2022-06-19T12:53:32.124235","quantity":"1"},"top_bid":null,"listing_date":null,"supports_wyvern":true,"rarity_data":null,"transfer_fee":null,"transfer_fee_payment_token":null,"token_id":"49392585334205836478376186509019092066300290911888247364576238128062233864196"}
