{"id":105029613,"num_sales":1,"background_color":null,"image_url":"https://i.seadn.io/gcs/files/66313cea01ffddd72ba116d9166dda3b.png?w=500&auto=format","image_preview_url":"https://i.seadn.io/gcs/files/66313cea01ffddd72ba116d9166dda3b.png?w=500&auto=format","image_thumbnail_url":"https://i.seadn.io/gcs/files/66313cea01ffddd72ba116d9166dda3b.png?w=500&auto=format","image_original_url":"ipfs://bafybeifeibdtek5k3lezfkkwx3xhznncilysohmnc2yzgacrranfazdqra/rusty-robot.png","animation_url":"https://openseauserdata.com/files/9590af09daa74d6f2e0d0f44c6509a63.gltf","animation_original_url":"ipfs://bafybeifeibdtek5k3lezfkkwx3xhznncilysohmnc2yzgacrranfazdqra/rusty-robot.gltf","name":"Rusty robot","description":"The older models might not look like much, but they sure can provide a lot of value. Wish I could have had one of these when I was a kid!","external_link":"https://www.sandbox.game/en/assets/rusty-robot/b1299b1b-cad6-42e5-a301-572f29f6f1e5/","asset_contract":{"address":"0xa342f5d851e866e18ff98f351f2c6637f4478db5","asset_contract_type":"semi-fungible","created_date":"2021-01-16T12:45:09.229936","name":"Sandbox's ASSETs","nft_version":null,"opensea_version":null,"owner":null,"schema_name":"ERC1155","symbol":"ASSET","total_supply":null,"description":"The Sandbox is a community-driven platform where creators can monetize voxel assets and gaming experiences on the blockchain. The Sandbox metaverse comprises a map made up of 166,464 LANDS. LAND owners can host contests and events, stake SAND to earn and customize assets, monetize assets and experiences, vote in the metaverse governance, play games that you or others create, and more! Trade the collection and keep your eyes peeled for future drops.","external_link":null,"image_url":"https://i.seadn.io/gae/SXH8tW1siikB80rwCRnjm1a5xM_MwTg9Xl9Db6mioIk9HIlDM09pVoSR7GKJgS6ulSUpgW9BDtMk_ePX_NKgO9A?w=500&auto=format","default_to_fiat":false,"dev_buyer_fee_basis_points":0,"dev_seller_fee_basis_points":500,"only_proxied_transfers":false,"opensea_buyer_fee_basis_points":0,"opensea_seller_fee_basis_points":250,"buyer_fee_basis_points":0,"seller_fee_basis_points":750,"payout_address":"0x7a9fe22691c811ea339d9b73150e6911a5343dca"},"permalink":"https://opensea.io/assets/ethereum/0xa342f5d851e866e18ff98f351f2c6637f4478db5/49392585334205836478376186509019092066300290911888247364576238128062233864203","collection":{"banner_image_url":"https://i.seadn.io/gcs/files/fb46c14805de22fb1565130608b52f62.png?w=500&auto=format","chat_url":null,"created_date":"2021-11-10T22:44:32.563534+00:00","default_to_fiat":false,"description":"The Sandbox is a community-driven platform where creators can monetize voxel assets and gaming experiences on the blockchain. The Sandbox metaverse comprises a map made up of 166,464 LANDS. LAND owners can host contests and events, stake SAND to earn and customize assets, monetize assets and experiences, vote in the metaverse governance, play games that you or others create, and more! Trade the collection and keep your eyes peeled for future drops.","dev_buyer_fee_basis_points":"0","dev_seller_fee_basis_points":"500","discord_url":null,"display_data":{"card_display_style":"contain"},"external_url":null,"featured":false,"featured_image_url":"https://i.seadn.io/gae/ozsdtadqWhFswbgMReMCMmOksixr9gELXBwunGYlqpgCJ03lUkEnriujRePMooiKir9hTkIFEUtp3Gh-shqy_XRmfifdDZTqUqLyZA?w=500&auto=format","hidden":false,"safelist_request_status":"verified","image_url":"https://i.seadn.io/gae/SXH8tW1siikB80rwCRnjm1a5xM_MwTg9Xl9Db6mioIk9HIlDM09pVoSR7GKJgS6ulSUpgW9BDtMk_ePX_NKgO9A?w=500&auto=format","is_subject_to_whitelist":false,"large_image_url":"https://i.seadn.io/gae/ozsdtadqWhFswbgMReMCMmOksixr9gELXBwunGYlqpgCJ03lUkEnriujRePMooiKir9hTkIFEUtp3Gh-shqy_XRmfifdDZTqUqLyZA?w=500&auto=format","medium_username":null,"name":"The Sandbox ASSETS","only_proxied_transfers":false,"opensea_buyer_fee_basis_points":"0","opensea_seller_fee_basis_points":"250","payout_address":"0x7a9fe22691c811ea339d9b73150e6911a5343dca","require_email":false,"short_description":null,"slug":"the-sandbox-assets","telegram_url":null,"twitter_username":null,"instagram_username":null,"wiki_url":null,"is_nsfw":false,"fees":{"seller_fees":{"0x7a9fe22691c811ea339d9b73150e6911a5343dca":500},"opensea_fees":{"0x0000a26b00c1f0df003000390027140000faa719":250}},"is_rarity_enabled":false},"decimals":null,"token_metadata":"ipfs://bafybeiaznpd4cujy3pkoa2krrmvgqou5unlenwitftcwoizz3yuslzgoha/11.json","is_nsfw":false,"owner":null,"seaport_sell_orders":null,"creator":{"user":{"username":"NecrobombIcon"},"profile_img_url":"https://storage.googleapis.com/opensea-static/opensea-profile/4.png","address":"0x6d33366d332c64a1dad899d7d71a799000eb8be4","config":""},"traits":[],"last_sale":{"asset":{"decimals":null,"token_id":"49392585334205836478376186509019092066300290911888247364576238128062233864203"},"asset_bundle":null,"event_type":"successful","event_timestamp":"2021-12-15T09:21:07","auction_type":null,"total_price":"25000000000000000000","payment_token":{"symbol":"SAND","address":"0x3845badade8e6dff049820680d1f14bd3903a5d0","image_url":"https://i.seadn.io/gcs/static/miscellaneous/sandbox-token.png?w=500&auto=format","name":"SAND","decimals":18,"eth_price":"0.000368990000000","usd_price":"0.449026000000000000"},"transaction":{"block_hash":"0x8ffc3e86b067b981d3a43edad939001a8a98a65af0a31dd8a84ee0416636db64","block_number":"13808864","from_account":{"user":{"username":null},"profile_img_url":"https://storage.googleapis.com/opensea-static/opensea-profile/6.png","address":"0x7fc2e9e6be70fa10deca72bc96289ccbb59493a6","config":""},"id":223835901,"timestamp":"2021-12-15T09:21:07","to_account":{"user":{"username":"OpenSea-Orders"},"profile_img_url":"https://storage.googleapis.com/opensea-static/opensea-profile/22.png","address":"0x7be8076f4ea4a4ad08075c2508e481d6c946d12b","config":"verified"},"transaction_hash":"0xa9d61e7ac4bd1d6d69e83ed2d3a8de31bc0d19ab63a9f2a72fba77e19c696070","transaction_index":"91"},"created_date":"2021-12-15T09:21:31.949683","quantity":"1"},"top_bid":null,"listing_date":null,"supports_wyvern":true,"rarity_data":null,"transfer_fee":null,"transfer_fee_payment_token":null,"token_id":"49392585334205836478376186509019092066300290911888247364576238128062233864203"}
