{"id":105717812,"num_sales":7,"background_color":null,"image_url":"https://i.seadn.io/gcs/files/1d73c070285d7daf19abe4a2e78eda0b.png?w=500&auto=format","image_preview_url":"https://i.seadn.io/gcs/files/1d73c070285d7daf19abe4a2e78eda0b.png?w=500&auto=format","image_thumbnail_url":"https://i.seadn.io/gcs/files/1d73c070285d7daf19abe4a2e78eda0b.png?w=500&auto=format","image_original_url":"ipfs://bafybeidqnlqfvabmks5eah5l6rwxplmik6amhkx2yaasnodihkor4ge4qe/toxic-barrel.png","animation_url":"https://openseauserdata.com/files/a2d74fdcde36d50ec2a2201277e658db.gltf","animation_original_url":"ipfs://bafybeidqnlqfvabmks5eah5l6rwxplmik6amhkx2yaasnodihkor4ge4qe/toxic-barrel.gltf","name":"Toxic Barrel","description":"a strange toxic substance is contained in this barrel ... be careful not to touch it could cause genetic mutations!","external_link":"https://www.sandbox.game/en/assets/toxic-barrel/735b1867-dbda-49c7-bdd0-b8de6adc4427/","asset_contract":{"address":"0xa342f5d851e866e18ff98f351f2c6637f4478db5","asset_contract_type":"semi-fungible","created_date":"2021-01-16T12:45:09.229936","name":"Sandbox's ASSETs","nft_version":null,"opensea_version":null,"owner":null,"schema_name":"ERC1155","symbol":"ASSET","total_supply":null,"description":"The Sandbox is a community-driven platform where creators can monetize voxel assets and gaming experiences on the blockchain. The Sandbox metaverse comprises a map made up of 166,464 LANDS. LAND owners can host contests and events, stake SAND to earn and customize assets, monetize assets and experiences, vote in the metaverse governance, play games that you or others create, and more! Trade the collection and keep your eyes peeled for future drops.","external_link":null,"image_url":"https://i.seadn.io/gae/SXH8tW1siikB80rwCRnjm1a5xM_MwTg9Xl9Db6mioIk9HIlDM09pVoSR7GKJgS6ulSUpgW9BDtMk_ePX_NKgO9A?w=500&auto=format","default_to_fiat":false,"dev_buyer_fee_basis_points":0,"dev_seller_fee_basis_points":500,"only_proxied_transfers":false,"opensea_buyer_fee_basis_points":0,"opensea_seller_fee_basis_points":250,"buyer_fee_basis_points":0,"seller_fee_basis_points":750,"payout_address":"0x7a9fe22691c811ea339d9b73150e6911a5343dca"},"permalink":"https://opensea.io/assets/ethereum/0xa342f5d851e866e18ff98f351f2c6637f4478db5/76624352256832052594998567916844294142225202375429295518792876409537087678465","collection":{"banner_image_url":"https://i.seadn.io/gcs/files/fb46c14805de22fb1565130608b52f62.png?w=500&auto=format","chat_url":null,"created_date":"2021-11-10T22:44:32.563534+00:00","default_to_fiat":false,"description":"The Sandbox is a community-driven platform where creators can monetize voxel assets and gaming experiences on the blockchain. The Sandbox metaverse comprises a map made up of 166,464 LANDS. LAND owners can host contests and events, stake SAND to earn and customize assets, monetize assets and experiences, vote in the metaverse governance, play games that you or others create, and more! Trade the collection and keep your eyes peeled for future drops.","dev_buyer_fee_basis_points":"0","dev_seller_fee_basis_points":"500","discord_url":null,"display_data":{"card_display_style":"contain"},"external_url":null,"featured":false,"featured_image_url":"https://i.seadn.io/gae/ozsdtadqWhFswbgMReMCMmOksixr9gELXBwunGYlqpgCJ03lUkEnriujRePMooiKir9hTkIFEUtp3Gh-shqy_XRmfifdDZTqUqLyZA?w=500&auto=format","hidden":false,"safelist_request_status":"verified","image_url":"https://i.seadn.io/gae/SXH8tW1siikB80rwCRnjm1a5xM_MwTg9Xl9Db6mioIk9HIlDM09pVoSR7GKJgS6ulSUpgW9BDtMk_ePX_NKgO9A?w=500&auto=format","is_subject_to_whitelist":false,"large_image_url":"https://i.seadn.io/gae/ozsdtadqWhFswbgMReMCMmOksixr9gELXBwunGYlqpgCJ03lUkEnriujRePMooiKir9hTkIFEUtp3Gh-shqy_XRmfifdDZTqUqLyZA?w=500&auto=format","medium_username":null,"name":"The Sandbox ASSETS","only_proxied_transfers":false,"opensea_buyer_fee_basis_points":"0","opensea_seller_fee_basis_points":"250","payout_address":"0x7a9fe22691c811ea339d9b73150e6911a5343dca","require_email":false,"short_description":null,"slug":"the-sandbox-assets","telegram_url":null,"twitter_username":null,"instagram_username":null,"wiki_url":null,"is_nsfw":false,"fees":{"seller_fees":{"0x7a9fe22691c811ea339d9b73150e6911a5343dca":500},"opensea_fees":{"0x0000a26b00c1f0df003000390027140000faa719":250}},"is_rarity_enabled":false},"decimals":null,"token_metadata":"ipfs://bafybeihlfipaa6hch336a6v5vmwtefksr3tsaxcvwr5yzhx74hf24tpiae/1.json","is_nsfw":false,"owner":null,"seaport_sell_orders":null,"creator":{"user":{"username":"Damonvoxelart"},"profile_img_url":"https://storage.googleapis.com/opensea-static/opensea-profile/28.png","address":"0xa967d8b2d5b623a4b09eaf985a4463fea19b7668","config":""},"traits":[],"last_sale":{"asset":{"decimals":null,"token_id":"76624352256832052594998567916844294142225202375429295518792876409537087678465"},"asset_bundle":null,"event_type":"successful","event_timestamp":"2022-01-30T09:51:59","auction_type":null,"total_price":"40000000000000000","payment_token":{"symbol":"ETH","address":"0x0000000000000000000000000000000000000000","image_url":"https://openseauserdata.com/files/6f8e2979d428180222796ff4a33ab929.svg","name":"Ether","decimals":18,"eth_price":"1.000000000000000","usd_price":"1215.769999999999982000"},"transaction":{"block_hash":"0x389f079954e89f0c5c587dc4ee49d76175d01c1f3eb1d8e310a70166cd688995","block_number":"14106443","from_account":{"user":{"username":"true_dreams"},"profile_img_url":"https://storage.googleapis.com/opensea-static/opensea-profile/2.png","address":"0x8acda3a277983f8725c93bc78e6108ec743524a1","config":""},"id":261475874,"timestamp":"2022-01-30T09:51:59","to_account":{"user":{"username":"OpenSea-Orders"},"profile_img_url":"https://storage.googleapis.com/opensea-static/opensea-profile/22.png","address":"0x7be8076f4ea4a4ad08075c2508e481d6c946d12b","config":"verified"},"transaction_hash":"0xbf6ecfd4a583e6d24da12f12d73fd40ca30e83f6290841cca23398c495937b2d","transaction_index":"197"},"created_date":"2022-01-30T09:52:10.026850","quantity":"1"},"top_bid":null,"listing_date":null,"supports_wyvern":true,"rarity_data":null,"transfer_fee":null,"transfer_fee_payment_token":null,"token_id":"76624352256832052594998567916844294142225202375429295518792876409537087678465"}
