{"id":105717833,"num_sales":3,"background_color":null,"image_url":"https://i.seadn.io/gcs/files/d54392995521bdde469f979f2419c783.png?w=500&auto=format","image_preview_url":"https://i.seadn.io/gcs/files/d54392995521bdde469f979f2419c783.png?w=500&auto=format","image_thumbnail_url":"https://i.seadn.io/gcs/files/d54392995521bdde469f979f2419c783.png?w=500&auto=format","image_original_url":"ipfs://bafybeiheusb4ghsbzmq7x2gorlqf4p4uzxjbvkhvgvow7t355slrixyui4/forest-deer-altar.png","animation_url":"https://openseauserdata.com/files/ded7418b99d8c0cc67b90cbdf377d586.gltf","animation_original_url":"ipfs://bafybeiheusb4ghsbzmq7x2gorlqf4p4uzxjbvkhvgvow7t355slrixyui4/forest-deer-altar.gltf","name":"Forest Deer Altar","description":"An ancient people who live in a shady forest, brings offers of food for the deer god hoping to receive his protection","external_link":"https://www.sandbox.game/en/assets/forest-deer-altar/b6a8e784-bd2a-4c9d-82ca-e85a287f22cb/","asset_contract":{"address":"0xa342f5d851e866e18ff98f351f2c6637f4478db5","asset_contract_type":"semi-fungible","created_date":"2021-01-16T12:45:09.229936","name":"Sandbox's ASSETs","nft_version":null,"opensea_version":null,"owner":null,"schema_name":"ERC1155","symbol":"ASSET","total_supply":null,"description":"The Sandbox is a community-driven platform where creators can monetize voxel assets and gaming experiences on the blockchain. The Sandbox metaverse comprises a map made up of 166,464 LANDS. LAND owners can host contests and events, stake SAND to earn and customize assets, monetize assets and experiences, vote in the metaverse governance, play games that you or others create, and more! Trade the collection and keep your eyes peeled for future drops.","external_link":null,"image_url":"https://i.seadn.io/gae/SXH8tW1siikB80rwCRnjm1a5xM_MwTg9Xl9Db6mioIk9HIlDM09pVoSR7GKJgS6ulSUpgW9BDtMk_ePX_NKgO9A?w=500&auto=format","default_to_fiat":false,"dev_buyer_fee_basis_points":0,"dev_seller_fee_basis_points":500,"only_proxied_transfers":false,"opensea_buyer_fee_basis_points":0,"opensea_seller_fee_basis_points":250,"buyer_fee_basis_points":0,"seller_fee_basis_points":750,"payout_address":"0x7a9fe22691c811ea339d9b73150e6911a5343dca"},"permalink":"https://opensea.io/assets/ethereum/0xa342f5d851e866e18ff98f351f2c6637f4478db5/76624352256832052594998567916844294142225202375429295518792876409537087678467","collection":{"banner_image_url":"https://i.seadn.io/gcs/files/fb46c14805de22fb1565130608b52f62.png?w=500&auto=format","chat_url":null,"created_date":"2021-11-10T22:44:32.563534+00:00","default_to_fiat":false,"description":"The Sandbox is a community-driven platform where creators can monetize voxel assets and gaming experiences on the blockchain. The Sandbox metaverse comprises a map made up of 166,464 LANDS. LAND owners can host contests and events, stake SAND to earn and customize assets, monetize assets and experiences, vote in the metaverse governance, play games that you or others create, and more! Trade the collection and keep your eyes peeled for future drops.","dev_buyer_fee_basis_points":"0","dev_seller_fee_basis_points":"500","discord_url":null,"display_data":{"card_display_style":"contain"},"external_url":null,"featured":false,"featured_image_url":"https://i.seadn.io/gae/ozsdtadqWhFswbgMReMCMmOksixr9gELXBwunGYlqpgCJ03lUkEnriujRePMooiKir9hTkIFEUtp3Gh-shqy_XRmfifdDZTqUqLyZA?w=500&auto=format","hidden":false,"safelist_request_status":"verified","image_url":"https://i.seadn.io/gae/SXH8tW1siikB80rwCRnjm1a5xM_MwTg9Xl9Db6mioIk9HIlDM09pVoSR7GKJgS6ulSUpgW9BDtMk_ePX_NKgO9A?w=500&auto=format","is_subject_to_whitelist":false,"large_image_url":"https://i.seadn.io/gae/ozsdtadqWhFswbgMReMCMmOksixr9gELXBwunGYlqpgCJ03lUkEnriujRePMooiKir9hTkIFEUtp3Gh-shqy_XRmfifdDZTqUqLyZA?w=500&auto=format","medium_username":null,"name":"The Sandbox ASSETS","only_proxied_transfers":false,"opensea_buyer_fee_basis_points":"0","opensea_seller_fee_basis_points":"250","payout_address":"0x7a9fe22691c811ea339d9b73150e6911a5343dca","require_email":false,"short_description":null,"slug":"the-sandbox-assets","telegram_url":null,"twitter_username":null,"instagram_username":null,"wiki_url":null,"is_nsfw":false,"fees":{"seller_fees":{"0x7a9fe22691c811ea339d9b73150e6911a5343dca":500},"opensea_fees":{"0x0000a26b00c1f0df003000390027140000faa719":250}},"is_rarity_enabled":false},"decimals":null,"token_metadata":"ipfs://bafybeihlfipaa6hch336a6v5vmwtefksr3tsaxcvwr5yzhx74hf24tpiae/3.json","is_nsfw":false,"owner":null,"seaport_sell_orders":null,"creator":{"user":{"username":"Damonvoxelart"},"profile_img_url":"https://storage.googleapis.com/opensea-static/opensea-profile/28.png","address":"0xa967d8b2d5b623a4b09eaf985a4463fea19b7668","config":""},"traits":[],"last_sale":{"asset":{"decimals":null,"token_id":"76624352256832052594998567916844294142225202375429295518792876409537087678467"},"asset_bundle":null,"event_type":"successful","event_timestamp":"2022-02-12T08:11:31","auction_type":null,"total_price":"50000000000000000","payment_token":{"symbol":"ETH","address":"0x0000000000000000000000000000000000000000","image_url":"https://openseauserdata.com/files/6f8e2979d428180222796ff4a33ab929.svg","name":"Ether","decimals":18,"eth_price":"1.000000000000000","usd_price":"1215.769999999999982000"},"transaction":{"block_hash":"0xc5f03822948dd43f7482c4144cca165295c9370eb37e4940dabb67ff406af189","block_number":"14190099","from_account":{"user":{"username":"OldbiesNFT"},"profile_img_url":"https://storage.googleapis.com/opensea-static/opensea-profile/29.png","address":"0xc068df8f64fac197dca0a76ba568b75909a6d061","config":""},"id":274064098,"timestamp":"2022-02-12T08:11:31","to_account":{"user":{"username":"OpenSea-Orders"},"profile_img_url":"https://storage.googleapis.com/opensea-static/opensea-profile/22.png","address":"0x7be8076f4ea4a4ad08075c2508e481d6c946d12b","config":"verified"},"transaction_hash":"0xc223acb35594fa3923a280987d99f42fbf4a4d06aca1ffb7ceb5457dee8566f0","transaction_index":"385"},"created_date":"2022-02-12T08:11:47.181090","quantity":"1"},"top_bid":null,"listing_date":null,"supports_wyvern":true,"rarity_data":null,"transfer_fee":null,"transfer_fee_payment_token":null,"token_id":"76624352256832052594998567916844294142225202375429295518792876409537087678467"}
