{"id":105714841,"num_sales":0,"background_color":null,"image_url":"https://i.seadn.io/gcs/files/f945a9e91758b0900b7f4ee94d03c327.png?w=500&auto=format","image_preview_url":"https://i.seadn.io/gcs/files/f945a9e91758b0900b7f4ee94d03c327.png?w=500&auto=format","image_thumbnail_url":"https://i.seadn.io/gcs/files/f945a9e91758b0900b7f4ee94d03c327.png?w=500&auto=format","image_original_url":"ipfs://bafybeifvuvmc3j3fiu6nnzcjqafjf7nm4gcd66x46pmgt2lsddjypq4r34/lectern-reading-desk.png","animation_url":"https://openseauserdata.com/files/029aff7f2d1ef29b5f1a03be4657d419.gltf","animation_original_url":"ipfs://bafybeifvuvmc3j3fiu6nnzcjqafjf7nm4gcd66x46pmgt2lsddjypq4r34/lectern-reading-desk.gltf","name":"Lectern | Reading Desk","description":"A reading desk and some books to learn more about the fantastic stories of all the last wars. Poor literature though.","external_link":"https://www.sandbox.game/en/assets/lectern-reading-desk/f6a4060b-999a-430f-bd2e-3fb3ae7474ec/","asset_contract":{"address":"0xa342f5d851e866e18ff98f351f2c6637f4478db5","asset_contract_type":"semi-fungible","created_date":"2021-01-16T12:45:09.229936","name":"Sandbox's ASSETs","nft_version":null,"opensea_version":null,"owner":null,"schema_name":"ERC1155","symbol":"ASSET","total_supply":null,"description":"The Sandbox is a community-driven platform where creators can monetize voxel assets and gaming experiences on the blockchain. The Sandbox metaverse comprises a map made up of 166,464 LANDS. LAND owners can host contests and events, stake SAND to earn and customize assets, monetize assets and experiences, vote in the metaverse governance, play games that you or others create, and more! Trade the collection and keep your eyes peeled for future drops.","external_link":null,"image_url":"https://i.seadn.io/gae/SXH8tW1siikB80rwCRnjm1a5xM_MwTg9Xl9Db6mioIk9HIlDM09pVoSR7GKJgS6ulSUpgW9BDtMk_ePX_NKgO9A?w=500&auto=format","default_to_fiat":false,"dev_buyer_fee_basis_points":0,"dev_seller_fee_basis_points":500,"only_proxied_transfers":false,"opensea_buyer_fee_basis_points":0,"opensea_seller_fee_basis_points":250,"buyer_fee_basis_points":0,"seller_fee_basis_points":750,"payout_address":"0x7a9fe22691c811ea339d9b73150e6911a5343dca"},"permalink":"https://opensea.io/assets/ethereum/0xa342f5d851e866e18ff98f351f2c6637f4478db5/8251252322872736942753395933235039774249689244391776133529552956359457118210","collection":{"banner_image_url":"https://i.seadn.io/gcs/files/fb46c14805de22fb1565130608b52f62.png?w=500&auto=format","chat_url":null,"created_date":"2021-11-10T22:44:32.563534+00:00","default_to_fiat":false,"description":"The Sandbox is a community-driven platform where creators can monetize voxel assets and gaming experiences on the blockchain. The Sandbox metaverse comprises a map made up of 166,464 LANDS. LAND owners can host contests and events, stake SAND to earn and customize assets, monetize assets and experiences, vote in the metaverse governance, play games that you or others create, and more! Trade the collection and keep your eyes peeled for future drops.","dev_buyer_fee_basis_points":"0","dev_seller_fee_basis_points":"500","discord_url":null,"display_data":{"card_display_style":"contain"},"external_url":null,"featured":false,"featured_image_url":"https://i.seadn.io/gae/ozsdtadqWhFswbgMReMCMmOksixr9gELXBwunGYlqpgCJ03lUkEnriujRePMooiKir9hTkIFEUtp3Gh-shqy_XRmfifdDZTqUqLyZA?w=500&auto=format","hidden":false,"safelist_request_status":"verified","image_url":"https://i.seadn.io/gae/SXH8tW1siikB80rwCRnjm1a5xM_MwTg9Xl9Db6mioIk9HIlDM09pVoSR7GKJgS6ulSUpgW9BDtMk_ePX_NKgO9A?w=500&auto=format","is_subject_to_whitelist":false,"large_image_url":"https://i.seadn.io/gae/ozsdtadqWhFswbgMReMCMmOksixr9gELXBwunGYlqpgCJ03lUkEnriujRePMooiKir9hTkIFEUtp3Gh-shqy_XRmfifdDZTqUqLyZA?w=500&auto=format","medium_username":null,"name":"The Sandbox ASSETS","only_proxied_transfers":false,"opensea_buyer_fee_basis_points":"0","opensea_seller_fee_basis_points":"250","payout_address":"0x7a9fe22691c811ea339d9b73150e6911a5343dca","require_email":false,"short_description":null,"slug":"the-sandbox-assets","telegram_url":null,"twitter_username":null,"instagram_username":null,"wiki_url":null,"is_nsfw":false,"fees":{"seller_fees":{"0x7a9fe22691c811ea339d9b73150e6911a5343dca":500},"opensea_fees":{"0x0000a26b00c1f0df003000390027140000faa719":250}},"is_rarity_enabled":false},"decimals":null,"token_metadata":"ipfs://bafybeihwbv4vl72ihvid5yvyozmmk2bxmdtugwwuw7e35f7u6cg4m4g7ji/2.json","is_nsfw":false,"owner":null,"seaport_sell_orders":null,"creator":{"user":{"username":"KiwiAndCoffee"},"profile_img_url":"https://storage.googleapis.com/opensea-static/opensea-profile/9.png","address":"0x123e0b16ab322b9a718d654ad1e6b35f690dc77f","config":""},"traits":[],"last_sale":null,"top_bid":null,"listing_date":null,"supports_wyvern":true,"rarity_data":null,"transfer_fee":null,"transfer_fee_payment_token":null,"token_id":"8251252322872736942753395933235039774249689244391776133529552956359457118210"}
