{"id":105718220,"num_sales":1,"background_color":null,"image_url":"https://i.seadn.io/gcs/files/2cdbc9d6e2c5e110175e29bced422e1f.png?w=500&auto=format","image_preview_url":"https://i.seadn.io/gcs/files/2cdbc9d6e2c5e110175e29bced422e1f.png?w=500&auto=format","image_thumbnail_url":"https://i.seadn.io/gcs/files/2cdbc9d6e2c5e110175e29bced422e1f.png?w=500&auto=format","image_original_url":"ipfs://bafybeihcu4msqheyab56itoaiikoypi2lgsqso4iumyrb6yfziv5dpo6fi/old-mine-shaft.png","animation_url":"https://openseauserdata.com/files/2630f24063c2e385fa931b8b12b53d85.gltf","animation_original_url":"ipfs://bafybeihcu4msqheyab56itoaiikoypi2lgsqso4iumyrb6yfziv5dpo6fi/old-mine-shaft.gltf","name":"Old mine shaft","description":"It says keep out, but.. we humans are curious. This structure will fit perfectly in your 3x3 block tunnels.","external_link":"https://www.sandbox.game/en/assets/old-mine-shaft/3aa47928-dbbf-45db-a156-a040e6058c68/","asset_contract":{"address":"0xa342f5d851e866e18ff98f351f2c6637f4478db5","asset_contract_type":"semi-fungible","created_date":"2021-01-16T12:45:09.229936","name":"Sandbox's ASSETs","nft_version":null,"opensea_version":null,"owner":null,"schema_name":"ERC1155","symbol":"ASSET","total_supply":null,"description":"The Sandbox is a community-driven platform where creators can monetize voxel assets and gaming experiences on the blockchain. The Sandbox metaverse comprises a map made up of 166,464 LANDS. LAND owners can host contests and events, stake SAND to earn and customize assets, monetize assets and experiences, vote in the metaverse governance, play games that you or others create, and more! Trade the collection and keep your eyes peeled for future drops.","external_link":null,"image_url":"https://i.seadn.io/gae/SXH8tW1siikB80rwCRnjm1a5xM_MwTg9Xl9Db6mioIk9HIlDM09pVoSR7GKJgS6ulSUpgW9BDtMk_ePX_NKgO9A?w=500&auto=format","default_to_fiat":false,"dev_buyer_fee_basis_points":0,"dev_seller_fee_basis_points":500,"only_proxied_transfers":false,"opensea_buyer_fee_basis_points":0,"opensea_seller_fee_basis_points":250,"buyer_fee_basis_points":0,"seller_fee_basis_points":750,"payout_address":"0x7a9fe22691c811ea339d9b73150e6911a5343dca"},"permalink":"https://opensea.io/assets/ethereum/0xa342f5d851e866e18ff98f351f2c6637f4478db5/43116197293124979069977889242928483567819499129385227528182229446794875508738","collection":{"banner_image_url":"https://i.seadn.io/gcs/files/fb46c14805de22fb1565130608b52f62.png?w=500&auto=format","chat_url":null,"created_date":"2021-11-10T22:44:32.563534+00:00","default_to_fiat":false,"description":"The Sandbox is a community-driven platform where creators can monetize voxel assets and gaming experiences on the blockchain. The Sandbox metaverse comprises a map made up of 166,464 LANDS. LAND owners can host contests and events, stake SAND to earn and customize assets, monetize assets and experiences, vote in the metaverse governance, play games that you or others create, and more! Trade the collection and keep your eyes peeled for future drops.","dev_buyer_fee_basis_points":"0","dev_seller_fee_basis_points":"500","discord_url":null,"display_data":{"card_display_style":"contain"},"external_url":null,"featured":false,"featured_image_url":"https://i.seadn.io/gae/ozsdtadqWhFswbgMReMCMmOksixr9gELXBwunGYlqpgCJ03lUkEnriujRePMooiKir9hTkIFEUtp3Gh-shqy_XRmfifdDZTqUqLyZA?w=500&auto=format","hidden":false,"safelist_request_status":"verified","image_url":"https://i.seadn.io/gae/SXH8tW1siikB80rwCRnjm1a5xM_MwTg9Xl9Db6mioIk9HIlDM09pVoSR7GKJgS6ulSUpgW9BDtMk_ePX_NKgO9A?w=500&auto=format","is_subject_to_whitelist":false,"large_image_url":"https://i.seadn.io/gae/ozsdtadqWhFswbgMReMCMmOksixr9gELXBwunGYlqpgCJ03lUkEnriujRePMooiKir9hTkIFEUtp3Gh-shqy_XRmfifdDZTqUqLyZA?w=500&auto=format","medium_username":null,"name":"The Sandbox ASSETS","only_proxied_transfers":false,"opensea_buyer_fee_basis_points":"0","opensea_seller_fee_basis_points":"250","payout_address":"0x7a9fe22691c811ea339d9b73150e6911a5343dca","require_email":false,"short_description":null,"slug":"the-sandbox-assets","telegram_url":null,"twitter_username":null,"instagram_username":null,"wiki_url":null,"is_nsfw":false,"fees":{"seller_fees":{"0x7a9fe22691c811ea339d9b73150e6911a5343dca":500},"opensea_fees":{"0x0000a26b00c1f0df003000390027140000faa719":250}},"is_rarity_enabled":false},"decimals":null,"token_metadata":"ipfs://bafybeieqenyaaukwqva5j6sjx2ficjokbntpjchvmf2d3d5636xberhhne/2.json","is_nsfw":false,"owner":null,"seaport_sell_orders":null,"creator":{"user":{"username":"GattoMatto"},"profile_img_url":"https://storage.googleapis.com/opensea-static/opensea-profile/6.png","address":"0x5f52e721f069dac1ac359db28cefe468e0c10fae","config":""},"traits":[],"last_sale":{"asset":{"decimals":null,"token_id":"43116197293124979069977889242928483567819499129385227528182229446794875508738"},"asset_bundle":null,"event_type":"successful","event_timestamp":"2021-12-02T22:07:20","auction_type":null,"total_price":"50000000000000000","payment_token":{"symbol":"ETH","address":"0x0000000000000000000000000000000000000000","image_url":"https://openseauserdata.com/files/6f8e2979d428180222796ff4a33ab929.svg","name":"Ether","decimals":18,"eth_price":"1.000000000000000","usd_price":"1215.769999999999982000"},"transaction":{"block_hash":"0x7c79687599ea61c39ebaca5e5353d834941329bc6d42340c80db01b44769ddbf","block_number":"13729840","from_account":{"user":{"username":null},"profile_img_url":"https://storage.googleapis.com/opensea-static/opensea-profile/2.png","address":"0xb1f0b7f650dd308e1cc816c209809727c798cfce","config":""},"id":214355207,"timestamp":"2021-12-02T22:07:20","to_account":{"user":{"username":"OpenSea-Orders"},"profile_img_url":"https://storage.googleapis.com/opensea-static/opensea-profile/22.png","address":"0x7be8076f4ea4a4ad08075c2508e481d6c946d12b","config":"verified"},"transaction_hash":"0x3d4c63aea1f256717698e7899c4cfefecd0dc1bebad7df13d740bf2a81f8d261","transaction_index":"237"},"created_date":"2021-12-02T22:07:45.281380","quantity":"1"},"top_bid":null,"listing_date":null,"supports_wyvern":true,"rarity_data":null,"transfer_fee":null,"transfer_fee_payment_token":null,"token_id":"43116197293124979069977889242928483567819499129385227528182229446794875508738"}
