{"id":105952742,"num_sales":1,"background_color":null,"image_url":"https://i.seadn.io/gcs/files/8922153e53547ec03586fad46b0fea39.png?w=500&auto=format","image_preview_url":"https://i.seadn.io/gcs/files/8922153e53547ec03586fad46b0fea39.png?w=500&auto=format","image_thumbnail_url":"https://i.seadn.io/gcs/files/8922153e53547ec03586fad46b0fea39.png?w=500&auto=format","image_original_url":"ipfs://bafybeigez7bra7xdvbzjjizpvmkde7dbze6vxmollid34reebf6v5zkere/bone-dragon.png","animation_url":"https://openseauserdata.com/files/bb4d8f3c2e583a8f5d6debb91713e143.gltf","animation_original_url":"ipfs://bafybeigez7bra7xdvbzjjizpvmkde7dbze6vxmollid34reebf6v5zkere/bone-dragon.gltf","name":"Bone Dragon","description":"The Bone Dragon is the draconic god of undeath and decay. Once awaken he will devastates whole swathes of land and spoil the party for sure. So run!!","external_link":"https://www.sandbox.game/en/assets/bone-dragon/d813339e-c154-4803-9c02-549016df80c1/","asset_contract":{"address":"0xa342f5d851e866e18ff98f351f2c6637f4478db5","asset_contract_type":"semi-fungible","created_date":"2021-01-16T12:45:09.229936","name":"Sandbox's ASSETs","nft_version":null,"opensea_version":null,"owner":null,"schema_name":"ERC1155","symbol":"ASSET","total_supply":null,"description":"The Sandbox is a community-driven platform where creators can monetize voxel assets and gaming experiences on the blockchain. The Sandbox metaverse comprises a map made up of 166,464 LANDS. LAND owners can host contests and events, stake SAND to earn and customize assets, monetize assets and experiences, vote in the metaverse governance, play games that you or others create, and more! Trade the collection and keep your eyes peeled for future drops.","external_link":null,"image_url":"https://i.seadn.io/gae/SXH8tW1siikB80rwCRnjm1a5xM_MwTg9Xl9Db6mioIk9HIlDM09pVoSR7GKJgS6ulSUpgW9BDtMk_ePX_NKgO9A?w=500&auto=format","default_to_fiat":false,"dev_buyer_fee_basis_points":0,"dev_seller_fee_basis_points":500,"only_proxied_transfers":false,"opensea_buyer_fee_basis_points":0,"opensea_seller_fee_basis_points":250,"buyer_fee_basis_points":0,"seller_fee_basis_points":750,"payout_address":"0x7a9fe22691c811ea339d9b73150e6911a5343dca"},"permalink":"https://opensea.io/assets/ethereum/0xa342f5d851e866e18ff98f351f2c6637f4478db5/110726657809721400658547960818979859722630982274126799289665633410892001449986","collection":{"banner_image_url":"https://i.seadn.io/gcs/files/fb46c14805de22fb1565130608b52f62.png?w=500&auto=format","chat_url":null,"created_date":"2021-11-10T22:44:32.563534+00:00","default_to_fiat":false,"description":"The Sandbox is a community-driven platform where creators can monetize voxel assets and gaming experiences on the blockchain. The Sandbox metaverse comprises a map made up of 166,464 LANDS. LAND owners can host contests and events, stake SAND to earn and customize assets, monetize assets and experiences, vote in the metaverse governance, play games that you or others create, and more! Trade the collection and keep your eyes peeled for future drops.","dev_buyer_fee_basis_points":"0","dev_seller_fee_basis_points":"500","discord_url":null,"display_data":{"card_display_style":"contain"},"external_url":null,"featured":false,"featured_image_url":"https://i.seadn.io/gae/ozsdtadqWhFswbgMReMCMmOksixr9gELXBwunGYlqpgCJ03lUkEnriujRePMooiKir9hTkIFEUtp3Gh-shqy_XRmfifdDZTqUqLyZA?w=500&auto=format","hidden":false,"safelist_request_status":"verified","image_url":"https://i.seadn.io/gae/SXH8tW1siikB80rwCRnjm1a5xM_MwTg9Xl9Db6mioIk9HIlDM09pVoSR7GKJgS6ulSUpgW9BDtMk_ePX_NKgO9A?w=500&auto=format","is_subject_to_whitelist":false,"large_image_url":"https://i.seadn.io/gae/ozsdtadqWhFswbgMReMCMmOksixr9gELXBwunGYlqpgCJ03lUkEnriujRePMooiKir9hTkIFEUtp3Gh-shqy_XRmfifdDZTqUqLyZA?w=500&auto=format","medium_username":null,"name":"The Sandbox ASSETS","only_proxied_transfers":false,"opensea_buyer_fee_basis_points":"0","opensea_seller_fee_basis_points":"250","payout_address":"0x7a9fe22691c811ea339d9b73150e6911a5343dca","require_email":false,"short_description":null,"slug":"the-sandbox-assets","telegram_url":null,"twitter_username":null,"instagram_username":null,"wiki_url":null,"is_nsfw":false,"fees":{"seller_fees":{"0x7a9fe22691c811ea339d9b73150e6911a5343dca":500},"opensea_fees":{"0x0000a26b00c1f0df003000390027140000faa719":250}},"is_rarity_enabled":false},"decimals":null,"token_metadata":"ipfs://bafybeibvfjhswiq42rbwuuze63f76tbyki6hqjmmgd2eklz23m2x7thaqy/2.json","is_nsfw":false,"owner":null,"seaport_sell_orders":null,"creator":{"user":{"username":"smallstuffpepe"},"profile_img_url":"https://storage.googleapis.com/opensea-static/opensea-profile/24.png","address":"0xf4cd1141edc5d9dabde73470f52bb3037723c35e","config":""},"traits":[],"last_sale":{"asset":{"decimals":null,"token_id":"110726657809721400658547960818979859722630982274126799289665633410892001449986"},"asset_bundle":null,"event_type":"successful","event_timestamp":"2022-03-12T01:09:23","auction_type":null,"total_price":"2000000000000000000","payment_token":{"symbol":"WETH","address":"0xc02aaa39b223fe8d0a0e5c4f27ead9083c756cc2","image_url":"https://openseauserdata.com/files/accae6b6fb3888cbff27a013729c22dc.svg","name":"Wrapped Ether","decimals":18,"eth_price":"1.000000000000000","usd_price":"1215.769999999999982000"},"transaction":{"block_hash":"0xd8458ad6bb3c4e975c211659bd43cd26f44510068e36fe21158731e7a0deb949","block_number":"14368904","from_account":{"user":{"username":"KaizArt"},"profile_img_url":"https://storage.googleapis.com/opensea-static/opensea-profile/5.png","address":"0x0359569e2913fa38d698e7ff59584a6a85971ea4","config":""},"id":298105393,"timestamp":"2022-03-12T01:09:23","to_account":{"user":null,"profile_img_url":"https://storage.googleapis.com/opensea-static/opensea-profile/28.png","address":"0x7f268357a8c2552623316e2562d90e642bb538e5","config":""},"transaction_hash":"0xf2ead214cec769beecdc768e606d84a86cd95cc6b1fc2d03e25d6d633243e831","transaction_index":"237"},"created_date":"2022-03-12T01:10:07.471955","quantity":"1"},"top_bid":null,"listing_date":null,"supports_wyvern":true,"rarity_data":null,"transfer_fee":null,"transfer_fee_payment_token":null,"token_id":"110726657809721400658547960818979859722630982274126799289665633410892001449986"}
