{"id":106366393,"num_sales":18,"background_color":null,"image_url":"https://i.seadn.io/gcs/files/268629ddf8532d241882d1be63d1c646.png?w=500&auto=format","image_preview_url":"https://i.seadn.io/gcs/files/268629ddf8532d241882d1be63d1c646.png?w=500&auto=format","image_thumbnail_url":"https://i.seadn.io/gcs/files/268629ddf8532d241882d1be63d1c646.png?w=500&auto=format","image_original_url":"ipfs://bafybeigjvqmpxespmbxj34zm52hsxmk665p4oas2sk5xvweixzgk63v2ae/bathroom-mirror.png","animation_url":"https://openseauserdata.com/files/fa250c418737cd4cc837df17dffe766b.gltf","animation_original_url":"ipfs://bafybeigjvqmpxespmbxj34zm52hsxmk665p4oas2sk5xvweixzgk63v2ae/bathroom-mirror.gltf","name":"Bathroom Mirror","description":"The economical bathroom mirror pack is in stock! Includes a shelf and not only one but three lights that surround the mirror for better enlightenment.","external_link":"https://www.sandbox.game/en/assets/bathroom-mirror/860b65af-6892-441c-b8cd-1901a27a5d26/","asset_contract":{"address":"0xa342f5d851e866e18ff98f351f2c6637f4478db5","asset_contract_type":"semi-fungible","created_date":"2021-01-16T12:45:09.229936","name":"Sandbox's ASSETs","nft_version":null,"opensea_version":null,"owner":null,"schema_name":"ERC1155","symbol":"ASSET","total_supply":null,"description":"The Sandbox is a community-driven platform where creators can monetize voxel assets and gaming experiences on the blockchain. The Sandbox metaverse comprises a map made up of 166,464 LANDS. LAND owners can host contests and events, stake SAND to earn and customize assets, monetize assets and experiences, vote in the metaverse governance, play games that you or others create, and more! Trade the collection and keep your eyes peeled for future drops.","external_link":null,"image_url":"https://i.seadn.io/gae/SXH8tW1siikB80rwCRnjm1a5xM_MwTg9Xl9Db6mioIk9HIlDM09pVoSR7GKJgS6ulSUpgW9BDtMk_ePX_NKgO9A?w=500&auto=format","default_to_fiat":false,"dev_buyer_fee_basis_points":0,"dev_seller_fee_basis_points":500,"only_proxied_transfers":false,"opensea_buyer_fee_basis_points":0,"opensea_seller_fee_basis_points":250,"buyer_fee_basis_points":0,"seller_fee_basis_points":750,"payout_address":"0x7a9fe22691c811ea339d9b73150e6911a5343dca"},"permalink":"https://opensea.io/assets/ethereum/0xa342f5d851e866e18ff98f351f2c6637f4478db5/50895625634465901092625298329073879955060972327668443632007641691504871737344","collection":{"banner_image_url":"https://i.seadn.io/gcs/files/fb46c14805de22fb1565130608b52f62.png?w=500&auto=format","chat_url":null,"created_date":"2021-11-10T22:44:32.563534+00:00","default_to_fiat":false,"description":"The Sandbox is a community-driven platform where creators can monetize voxel assets and gaming experiences on the blockchain. The Sandbox metaverse comprises a map made up of 166,464 LANDS. LAND owners can host contests and events, stake SAND to earn and customize assets, monetize assets and experiences, vote in the metaverse governance, play games that you or others create, and more! Trade the collection and keep your eyes peeled for future drops.","dev_buyer_fee_basis_points":"0","dev_seller_fee_basis_points":"500","discord_url":null,"display_data":{"card_display_style":"contain"},"external_url":null,"featured":false,"featured_image_url":"https://i.seadn.io/gae/ozsdtadqWhFswbgMReMCMmOksixr9gELXBwunGYlqpgCJ03lUkEnriujRePMooiKir9hTkIFEUtp3Gh-shqy_XRmfifdDZTqUqLyZA?w=500&auto=format","hidden":false,"safelist_request_status":"verified","image_url":"https://i.seadn.io/gae/SXH8tW1siikB80rwCRnjm1a5xM_MwTg9Xl9Db6mioIk9HIlDM09pVoSR7GKJgS6ulSUpgW9BDtMk_ePX_NKgO9A?w=500&auto=format","is_subject_to_whitelist":false,"large_image_url":"https://i.seadn.io/gae/ozsdtadqWhFswbgMReMCMmOksixr9gELXBwunGYlqpgCJ03lUkEnriujRePMooiKir9hTkIFEUtp3Gh-shqy_XRmfifdDZTqUqLyZA?w=500&auto=format","medium_username":null,"name":"The Sandbox ASSETS","only_proxied_transfers":false,"opensea_buyer_fee_basis_points":"0","opensea_seller_fee_basis_points":"250","payout_address":"0x7a9fe22691c811ea339d9b73150e6911a5343dca","require_email":false,"short_description":null,"slug":"the-sandbox-assets","telegram_url":null,"twitter_username":null,"instagram_username":null,"wiki_url":null,"is_nsfw":false,"fees":{"seller_fees":{"0x7a9fe22691c811ea339d9b73150e6911a5343dca":500},"opensea_fees":{"0x0000a26b00c1f0df003000390027140000faa719":250}},"is_rarity_enabled":false},"decimals":null,"token_metadata":"ipfs://bafybeia227grhhxwpsnclbyrydsk7p6codqmbli5kavmlxtq4zrboshtny/0.json","is_nsfw":false,"owner":null,"seaport_sell_orders":null,"creator":{"user":{"username":"Sproutt"},"profile_img_url":"https://storage.googleapis.com/opensea-static/opensea-profile/5.png","address":"0x7085e73c76e6669e354bdda9dbc34901390a4e6a","config":""},"traits":[],"last_sale":{"asset":{"decimals":null,"token_id":"50895625634465901092625298329073879955060972327668443632007641691504871737344"},"asset_bundle":null,"event_type":"successful","event_timestamp":"2022-06-11T01:43:02","auction_type":null,"total_price":"6400000000000000","payment_token":{"symbol":"ETH","address":"0x0000000000000000000000000000000000000000","image_url":"https://openseauserdata.com/files/6f8e2979d428180222796ff4a33ab929.svg","name":"Ether","decimals":18,"eth_price":"1.000000000000000","usd_price":"1215.769999999999982000"},"transaction":{"block_hash":"0xd20f9d3c9bae938c2cc75c6ea243a7f5139024b2bfa8c7d503720deb7b51fcf9","block_number":"14941657","from_account":{"user":{"username":"Rareart_NFT"},"profile_img_url":"https://storage.googleapis.com/opensea-static/opensea-profile/17.png","address":"0x2d13f62c6e79d426acc42b2d2f396080ad6c8fee","config":""},"id":393346333,"timestamp":"2022-06-11T01:43:02","to_account":{"user":null,"profile_img_url":"https://storage.googleapis.com/opensea-static/opensea-profile/28.png","address":"0x7f268357a8c2552623316e2562d90e642bb538e5","config":""},"transaction_hash":"0x4cb8238d88ef3ae24cb25c84a29133e3fbd22ce7d3360654153663645ca2edd6","transaction_index":"140"},"created_date":"2022-06-11T01:43:24.172619","quantity":"1"},"top_bid":null,"listing_date":null,"supports_wyvern":true,"rarity_data":null,"transfer_fee":null,"transfer_fee_payment_token":null,"token_id":"50895625634465901092625298329073879955060972327668443632007641691504871737344"}
