{"id":106829445,"num_sales":820,"background_color":null,"image_url":"https://i.seadn.io/gae/fSg9hFwRq5LPBuA5A4OgN3bMi-G6O4gPFXIUYXSP7jHHvBR61Xt_1nAz_oPxkxAWUrIGyBXRXLmLCSZxg4Bo_L_2d4zW52UAxI5PuQ?w=500&auto=format","image_preview_url":"https://i.seadn.io/gae/fSg9hFwRq5LPBuA5A4OgN3bMi-G6O4gPFXIUYXSP7jHHvBR61Xt_1nAz_oPxkxAWUrIGyBXRXLmLCSZxg4Bo_L_2d4zW52UAxI5PuQ?w=500&auto=format","image_thumbnail_url":"https://i.seadn.io/gae/fSg9hFwRq5LPBuA5A4OgN3bMi-G6O4gPFXIUYXSP7jHHvBR61Xt_1nAz_oPxkxAWUrIGyBXRXLmLCSZxg4Bo_L_2d4zW52UAxI5PuQ?w=500&auto=format","image_original_url":"ipfs://bafybeihv5otsquevp5b5fwpxvlf3vqgvlysgcfefktgt3nj3pgjcj54tya/wave-cruiser-jet-ski.png","animation_url":"https://openseauserdata.com/files/99d59e69d7ff7d5919ebc6ea2ac84972.gltf","animation_original_url":"ipfs://bafybeihv5otsquevp5b5fwpxvlf3vqgvlysgcfefktgt3nj3pgjcj54tya/wave-cruiser-jet-ski.gltf","name":"Wave Cruiser Jet Ski","description":"Ride the waves in this Fantasy Collection Jet Ski designed for use in The Sandbox. Built for adventure, traverse the waters, dock it on your island, or explore the metaverse in style.","external_link":"https://www.sandbox.game/en/assets/wave-cruiser-jet-ski/e9fb4b8a-194a-431c-ae8e-905745c05d99/","asset_contract":{"address":"0xa342f5d851e866e18ff98f351f2c6637f4478db5","asset_contract_type":"semi-fungible","created_date":"2021-01-16T12:45:09.229936","name":"Sandbox's ASSETs","nft_version":null,"opensea_version":null,"owner":null,"schema_name":"ERC1155","symbol":"ASSET","total_supply":null,"description":"The Sandbox is a community-driven platform where creators can monetize voxel assets and gaming experiences on the blockchain. The Sandbox metaverse comprises a map made up of 166,464 LANDS. LAND owners can host contests and events, stake SAND to earn and customize assets, monetize assets and experiences, vote in the metaverse governance, play games that you or others create, and more! Trade the collection and keep your eyes peeled for future drops.","external_link":null,"image_url":"https://i.seadn.io/gae/SXH8tW1siikB80rwCRnjm1a5xM_MwTg9Xl9Db6mioIk9HIlDM09pVoSR7GKJgS6ulSUpgW9BDtMk_ePX_NKgO9A?w=500&auto=format","default_to_fiat":false,"dev_buyer_fee_basis_points":0,"dev_seller_fee_basis_points":500,"only_proxied_transfers":false,"opensea_buyer_fee_basis_points":0,"opensea_seller_fee_basis_points":250,"buyer_fee_basis_points":0,"seller_fee_basis_points":750,"payout_address":"0x7a9fe22691c811ea339d9b73150e6911a5343dca"},"permalink":"https://opensea.io/assets/ethereum/0xa342f5d851e866e18ff98f351f2c6637f4478db5/69268721851518851203477350973661279010842020632402005181633540539579700873216","collection":{"banner_image_url":"https://i.seadn.io/gcs/files/b83c6be8592dc428c414e46ee34cee0f.png?w=500&auto=format","chat_url":null,"created_date":"2021-08-20T00:09:28.850930+00:00","default_to_fiat":false,"description":"A luxury real estate development project of 100 NFT private islands (comprised of NFT land in The Sandbox + architecturally unique 3D NFT villas) on the Ethereum blockchain.","dev_buyer_fee_basis_points":"0","dev_seller_fee_basis_points":"600","discord_url":"https://discord.gg/GD2jA5Qk","display_data":{"card_display_style":"contain"},"external_url":"https://app.rarible.com/collection/0x68aea268f92b715e073d2f5170039faa4b94a47b","featured":false,"featured_image_url":"https://i.seadn.io/gcs/files/5a5c033661b38668230a12959d3f4b96.png?w=500&auto=format","hidden":false,"safelist_request_status":"verified","image_url":"https://i.seadn.io/gcs/files/40d24d8c85f3d94b076b71f65a4cf7c0.png?w=500&auto=format","is_subject_to_whitelist":false,"large_image_url":"https://i.seadn.io/gcs/files/5a5c033661b38668230a12959d3f4b96.png?w=500&auto=format","medium_username":null,"name":"Fantasy Collection - Yacht Rock Edition","only_proxied_transfers":false,"opensea_buyer_fee_basis_points":"0","opensea_seller_fee_basis_points":"250","payout_address":"0x5aaf594842fe3bf5e01d007a7e2a6caedf3dd449","require_email":false,"short_description":null,"slug":"fantasy-collection-yacht","telegram_url":null,"twitter_username":"Everyrealm","instagram_username":null,"wiki_url":null,"is_nsfw":false,"fees":{"seller_fees":{"0x5aaf594842fe3bf5e01d007a7e2a6caedf3dd449":600},"opensea_fees":{"0x0000a26b00c1f0df003000390027140000faa719":250}},"is_rarity_enabled":false},"decimals":null,"token_metadata":"ipfs://bafybeieon45dtfuo7zp74doqmblkv7mmyv7layxae4wsgc3vemj6jrkgaq/0.json","is_nsfw":false,"owner":null,"seaport_sell_orders":null,"creator":{"user":{"username":"EveryrealmOfficial"},"profile_img_url":"https://storage.googleapis.com/opensea-static/opensea-profile/16.png","address":"0x9924b50b6b4a14353d1652fcd891da32c81edefc","config":""},"traits":[],"last_sale":{"asset":{"decimals":null,"token_id":"69268721851518851203477350973661279010842020632402005181633540539579700873216"},"asset_bundle":null,"event_type":"successful","event_timestamp":"2022-12-15T16:44:47","auction_type":null,"total_price":"90000000000000000","payment_token":{"symbol":"WETH","address":"0xc02aaa39b223fe8d0a0e5c4f27ead9083c756cc2","image_url":"https://openseauserdata.com/files/accae6b6fb3888cbff27a013729c22dc.svg","name":"Wrapped Ether","decimals":18,"eth_price":"1.000000000000000","usd_price":"1215.769999999999982000"},"transaction":{"block_hash":"0x0ac251e06b3291fda7409395f373496898c114822494a352373c7fcd2016e0f8","block_number":"16191369","from_account":{"user":{"username":"DIGITAL_AGE"},"profile_img_url":"https://storage.googleapis.com/opensea-static/opensea-profile/31.png","address":"0xaae499f60abc75b49c7f0113439c5da4319fabc3","config":""},"id":867827321,"timestamp":"2022-12-15T16:44:47","to_account":{"user":null,"profile_img_url":"https://storage.googleapis.com/opensea-static/opensea-profile/11.png","address":"0x00000000006c3852cbef3e08e8df289169ede581","config":""},"transaction_hash":"0x2d2b258bc1f472f265abb1d471c009c8dedca82833cc9de9298f5e750eada524","transaction_index":"82"},"created_date":"2022-12-15T16:44:49.383955","quantity":"1"},"top_bid":null,"listing_date":null,"supports_wyvern":true,"rarity_data":null,"transfer_fee":null,"transfer_fee_payment_token":null,"token_id":"69268721851518851203477350973661279010842020632402005181633540539579700873216"}
