{"id":106828792,"num_sales":309,"background_color":null,"image_url":"https://i.seadn.io/gae/1VN0bdJ0JVvlJ9ArWS-CyxtFQpYjaVK4E1W1i2VDkL2WfYjXA38ES82BCYrXAb3TeSfS9br_9NYHrJIGKImSodnqRYQx7SWPhTj4ANE?w=500&auto=format","image_preview_url":"https://i.seadn.io/gae/1VN0bdJ0JVvlJ9ArWS-CyxtFQpYjaVK4E1W1i2VDkL2WfYjXA38ES82BCYrXAb3TeSfS9br_9NYHrJIGKImSodnqRYQx7SWPhTj4ANE?w=500&auto=format","image_thumbnail_url":"https://i.seadn.io/gae/1VN0bdJ0JVvlJ9ArWS-CyxtFQpYjaVK4E1W1i2VDkL2WfYjXA38ES82BCYrXAb3TeSfS9br_9NYHrJIGKImSodnqRYQx7SWPhTj4ANE?w=500&auto=format","image_original_url":"ipfs://bafybeigk7ci33csnpts7xhptpqjfu43abgmv77bnmji7syqrigku2q3buy/speed-demon-jet-ski.png","animation_url":"https://openseauserdata.com/files/39bde35af942f66f07e9f87cdf259a7f.gltf","animation_original_url":"ipfs://bafybeigk7ci33csnpts7xhptpqjfu43abgmv77bnmji7syqrigku2q3buy/speed-demon-jet-ski.gltf","name":"Speed Demon Jet Ski","description":"Go full throttle with this luxury Fantasy Collection Speed Demon Jet Ski. Power up your metaverse experience by riding in style through the Fantasy Islands and Fantasy Marina, and become the envy of your friends as you conquer the open seas.","external_link":"https://www.sandbox.game/en/assets/speed-demon-jet-ski/ab2b0848-850d-4224-9e41-8c6e0760c562/","asset_contract":{"address":"0xa342f5d851e866e18ff98f351f2c6637f4478db5","asset_contract_type":"semi-fungible","created_date":"2021-01-16T12:45:09.229936","name":"Sandbox's ASSETs","nft_version":null,"opensea_version":null,"owner":null,"schema_name":"ERC1155","symbol":"ASSET","total_supply":null,"description":"The Sandbox is a community-driven platform where creators can monetize voxel assets and gaming experiences on the blockchain. The Sandbox metaverse comprises a map made up of 166,464 LANDS. LAND owners can host contests and events, stake SAND to earn and customize assets, monetize assets and experiences, vote in the metaverse governance, play games that you or others create, and more! Trade the collection and keep your eyes peeled for future drops.","external_link":null,"image_url":"https://i.seadn.io/gae/SXH8tW1siikB80rwCRnjm1a5xM_MwTg9Xl9Db6mioIk9HIlDM09pVoSR7GKJgS6ulSUpgW9BDtMk_ePX_NKgO9A?w=500&auto=format","default_to_fiat":false,"dev_buyer_fee_basis_points":0,"dev_seller_fee_basis_points":500,"only_proxied_transfers":false,"opensea_buyer_fee_basis_points":0,"opensea_seller_fee_basis_points":250,"buyer_fee_basis_points":0,"seller_fee_basis_points":750,"payout_address":"0x7a9fe22691c811ea339d9b73150e6911a5343dca"},"permalink":"https://opensea.io/assets/ethereum/0xa342f5d851e866e18ff98f351f2c6637f4478db5/69268721851518851203477350973661279010842020632402005181633540539579692484608","collection":{"banner_image_url":"https://i.seadn.io/gcs/files/b83c6be8592dc428c414e46ee34cee0f.png?w=500&auto=format","chat_url":null,"created_date":"2021-08-20T00:09:28.850930+00:00","default_to_fiat":false,"description":"A luxury real estate development project of 100 NFT private islands (comprised of NFT land in The Sandbox + architecturally unique 3D NFT villas) on the Ethereum blockchain.","dev_buyer_fee_basis_points":"0","dev_seller_fee_basis_points":"600","discord_url":"https://discord.gg/GD2jA5Qk","display_data":{"card_display_style":"contain"},"external_url":"https://app.rarible.com/collection/0x68aea268f92b715e073d2f5170039faa4b94a47b","featured":false,"featured_image_url":"https://i.seadn.io/gcs/files/5a5c033661b38668230a12959d3f4b96.png?w=500&auto=format","hidden":false,"safelist_request_status":"verified","image_url":"https://i.seadn.io/gcs/files/40d24d8c85f3d94b076b71f65a4cf7c0.png?w=500&auto=format","is_subject_to_whitelist":false,"large_image_url":"https://i.seadn.io/gcs/files/5a5c033661b38668230a12959d3f4b96.png?w=500&auto=format","medium_username":null,"name":"Fantasy Collection - Yacht Rock Edition","only_proxied_transfers":false,"opensea_buyer_fee_basis_points":"0","opensea_seller_fee_basis_points":"250","payout_address":"0x5aaf594842fe3bf5e01d007a7e2a6caedf3dd449","require_email":false,"short_description":null,"slug":"fantasy-collection-yacht","telegram_url":null,"twitter_username":"Everyrealm","instagram_username":null,"wiki_url":null,"is_nsfw":false,"fees":{"seller_fees":{"0x5aaf594842fe3bf5e01d007a7e2a6caedf3dd449":600},"opensea_fees":{"0x0000a26b00c1f0df003000390027140000faa719":250}},"is_rarity_enabled":false},"decimals":null,"token_metadata":"https://ipfs.io/ipfs/bafybeie4gwhqza3cweoblvxqbszfc6xppdftkyxwgrjnfsplkzpnjvrldq/0.json","is_nsfw":false,"owner":null,"seaport_sell_orders":null,"creator":{"user":{"username":"EveryrealmOfficial"},"profile_img_url":"https://storage.googleapis.com/opensea-static/opensea-profile/16.png","address":"0x9924b50b6b4a14353d1652fcd891da32c81edefc","config":""},"traits":[],"last_sale":{"asset":{"decimals":null,"token_id":"69268721851518851203477350973661279010842020632402005181633540539579692484608"},"asset_bundle":null,"event_type":"successful","event_timestamp":"2022-12-01T20:42:35","auction_type":null,"total_price":"100000000000000000","payment_token":{"symbol":"ETH","address":"0x0000000000000000000000000000000000000000","image_url":"https://openseauserdata.com/files/6f8e2979d428180222796ff4a33ab929.svg","name":"Ether","decimals":18,"eth_price":"1.000000000000000","usd_price":"1215.769999999999982000"},"transaction":{"block_hash":"0xa22207c71013471f15a888a7c7a1bd76cdadaebf2c681a5e2805d56d9b94147b","block_number":"16092412","from_account":{"user":{"username":"lorenso"},"profile_img_url":"https://storage.googleapis.com/opensea-static/opensea-profile/21.png","address":"0xd578a6d0958537c39cd9d6599ab83ed7f410f93b","config":""},"id":837615539,"timestamp":"2022-12-01T20:42:35","to_account":{"user":null,"profile_img_url":"https://storage.googleapis.com/opensea-static/opensea-profile/11.png","address":"0x00000000006c3852cbef3e08e8df289169ede581","config":""},"transaction_hash":"0xbdb58b6c2697bf8084eb1a6d93ebdb8d3cbd41f1396f2b3ca0531152996b8ff8","transaction_index":"63"},"created_date":"2022-12-01T20:42:36.780236","quantity":"1"},"top_bid":null,"listing_date":null,"supports_wyvern":true,"rarity_data":null,"transfer_fee":null,"transfer_fee_payment_token":null,"token_id":"69268721851518851203477350973661279010842020632402005181633540539579692484608"}
