{"id":108574680,"num_sales":1,"background_color":null,"image_url":"https://i.seadn.io/gcs/files/7a6803ed4bd54feab091255048f6fce2.png?w=500&auto=format","image_preview_url":"https://i.seadn.io/gcs/files/7a6803ed4bd54feab091255048f6fce2.png?w=500&auto=format","image_thumbnail_url":"https://i.seadn.io/gcs/files/7a6803ed4bd54feab091255048f6fce2.png?w=500&auto=format","image_original_url":"ipfs://bafybeigpzho4jmfcgsr7dyatfj5vombd5pdnipgcqe7uswvmcmbtafetra/toilet.png","animation_url":"https://openseauserdata.com/files/68ea0e029a27cf3355c1b0943447ef07.gltf","animation_original_url":"ipfs://bafybeigpzho4jmfcgsr7dyatfj5vombd5pdnipgcqe7uswvmcmbtafetra/toilet.gltf","name":"Toilet","description":"What can be said about this item... simply the best seat in the house. If you don't have one of these, don't wait for me, I'm not coming over.","external_link":"https://www.sandbox.game/en/assets/toilet/302e13bb-4cfb-4726-8fa5-22f280bfec67/","asset_contract":{"address":"0xa342f5d851e866e18ff98f351f2c6637f4478db5","asset_contract_type":"semi-fungible","created_date":"2021-01-16T12:45:09.229936","name":"Sandbox's ASSETs","nft_version":null,"opensea_version":null,"owner":null,"schema_name":"ERC1155","symbol":"ASSET","total_supply":null,"description":"The Sandbox is a community-driven platform where creators can monetize voxel assets and gaming experiences on the blockchain. The Sandbox metaverse comprises a map made up of 166,464 LANDS. LAND owners can host contests and events, stake SAND to earn and customize assets, monetize assets and experiences, vote in the metaverse governance, play games that you or others create, and more! Trade the collection and keep your eyes peeled for future drops.","external_link":null,"image_url":"https://i.seadn.io/gae/SXH8tW1siikB80rwCRnjm1a5xM_MwTg9Xl9Db6mioIk9HIlDM09pVoSR7GKJgS6ulSUpgW9BDtMk_ePX_NKgO9A?w=500&auto=format","default_to_fiat":false,"dev_buyer_fee_basis_points":0,"dev_seller_fee_basis_points":500,"only_proxied_transfers":false,"opensea_buyer_fee_basis_points":0,"opensea_seller_fee_basis_points":250,"buyer_fee_basis_points":0,"seller_fee_basis_points":750,"payout_address":"0x7a9fe22691c811ea339d9b73150e6911a5343dca"},"permalink":"https://opensea.io/assets/ethereum/0xa342f5d851e866e18ff98f351f2c6637f4478db5/30079313853951442192277279167591543589053564955707305183360938580389436327936","collection":{"banner_image_url":"https://i.seadn.io/gcs/files/fb46c14805de22fb1565130608b52f62.png?w=500&auto=format","chat_url":null,"created_date":"2021-11-10T22:44:32.563534+00:00","default_to_fiat":false,"description":"The Sandbox is a community-driven platform where creators can monetize voxel assets and gaming experiences on the blockchain. The Sandbox metaverse comprises a map made up of 166,464 LANDS. LAND owners can host contests and events, stake SAND to earn and customize assets, monetize assets and experiences, vote in the metaverse governance, play games that you or others create, and more! Trade the collection and keep your eyes peeled for future drops.","dev_buyer_fee_basis_points":"0","dev_seller_fee_basis_points":"500","discord_url":null,"display_data":{"card_display_style":"contain"},"external_url":null,"featured":false,"featured_image_url":"https://i.seadn.io/gae/ozsdtadqWhFswbgMReMCMmOksixr9gELXBwunGYlqpgCJ03lUkEnriujRePMooiKir9hTkIFEUtp3Gh-shqy_XRmfifdDZTqUqLyZA?w=500&auto=format","hidden":false,"safelist_request_status":"verified","image_url":"https://i.seadn.io/gae/SXH8tW1siikB80rwCRnjm1a5xM_MwTg9Xl9Db6mioIk9HIlDM09pVoSR7GKJgS6ulSUpgW9BDtMk_ePX_NKgO9A?w=500&auto=format","is_subject_to_whitelist":false,"large_image_url":"https://i.seadn.io/gae/ozsdtadqWhFswbgMReMCMmOksixr9gELXBwunGYlqpgCJ03lUkEnriujRePMooiKir9hTkIFEUtp3Gh-shqy_XRmfifdDZTqUqLyZA?w=500&auto=format","medium_username":null,"name":"The Sandbox ASSETS","only_proxied_transfers":false,"opensea_buyer_fee_basis_points":"0","opensea_seller_fee_basis_points":"250","payout_address":"0x7a9fe22691c811ea339d9b73150e6911a5343dca","require_email":false,"short_description":null,"slug":"the-sandbox-assets","telegram_url":null,"twitter_username":null,"instagram_username":null,"wiki_url":null,"is_nsfw":false,"fees":{"seller_fees":{"0x7a9fe22691c811ea339d9b73150e6911a5343dca":500},"opensea_fees":{"0x0000a26b00c1f0df003000390027140000faa719":250}},"is_rarity_enabled":false},"decimals":null,"token_metadata":"ipfs://bafybeieeulkvrzgcpg4a3kwva62chtsjv3yjcxhuofao57dh5dauqihtwi/0.json","is_nsfw":false,"owner":null,"seaport_sell_orders":null,"creator":{"user":{"username":"CaveProject"},"profile_img_url":"https://storage.googleapis.com/opensea-static/opensea-profile/3.png","address":"0x428049cf8e2acc5378ea55a9b288e50cab0d3926","config":""},"traits":[],"last_sale":{"asset":{"decimals":null,"token_id":"30079313853951442192277279167591543589053564955707305183360938580389436327936"},"asset_bundle":null,"event_type":"successful","event_timestamp":"2022-03-22T13:47:44","auction_type":null,"total_price":"15000000000000000","payment_token":{"symbol":"ETH","address":"0x0000000000000000000000000000000000000000","image_url":"https://openseauserdata.com/files/6f8e2979d428180222796ff4a33ab929.svg","name":"Ether","decimals":18,"eth_price":"1.000000000000000","usd_price":"1215.769999999999982000"},"transaction":{"block_hash":"0x54d15b35d153e8dfe86342a40042886630ea815a191df17394b91d7d7bbfd66c","block_number":"14436448","from_account":{"user":{"username":"EKF"},"profile_img_url":"https://storage.googleapis.com/opensea-static/opensea-profile/14.png","address":"0x6f13e6c823e841c7da164b05124a716d97ff1bd2","config":""},"id":307139204,"timestamp":"2022-03-22T13:47:44","to_account":{"user":null,"profile_img_url":"https://storage.googleapis.com/opensea-static/opensea-profile/28.png","address":"0x7f268357a8c2552623316e2562d90e642bb538e5","config":""},"transaction_hash":"0x046b5f244568b41f64e7e02823d680d780a627ac40b0378e9cc99ba00f33bcf0","transaction_index":"216"},"created_date":"2022-03-22T13:48:00.218846","quantity":"1"},"top_bid":null,"listing_date":null,"supports_wyvern":true,"rarity_data":null,"transfer_fee":null,"transfer_fee_payment_token":null,"token_id":"30079313853951442192277279167591543589053564955707305183360938580389436327936"}
