{"id":114401524,"num_sales":2,"background_color":null,"image_url":"https://i.seadn.io/gcs/files/8b903862fa5a6221189e555e22af65c6.png?w=500&auto=format","image_preview_url":"https://i.seadn.io/gcs/files/8b903862fa5a6221189e555e22af65c6.png?w=500&auto=format","image_thumbnail_url":"https://i.seadn.io/gcs/files/8b903862fa5a6221189e555e22af65c6.png?w=500&auto=format","image_original_url":"ipfs://bafybeic7s5d4hx42deomj6hikclvznqpqnloipu5i5gq3pph6frjmshzzq/undead-vampire.png","animation_url":"https://openseauserdata.com/files/76d24b964e6d06ffb8a87762272f92c4.gltf","animation_original_url":"ipfs://bafybeic7s5d4hx42deomj6hikclvznqpqnloipu5i5gq3pph6frjmshzzq/undead-vampire.gltf","name":"Undead Vampire","description":"The undead vampire disguises itself in the shape of a beautiful woman. It shares its diet of blood with vampires of Western cultures. However, it differs by sucking blood using a proboscis-like tongue, rather than sharpened teeth.","external_link":"https://www.sandbox.game/en/assets/undead-vampire/6ec4eebf-bcf1-4e5e-991e-9a0a40382f5c/","asset_contract":{"address":"0xa342f5d851e866e18ff98f351f2c6637f4478db5","asset_contract_type":"semi-fungible","created_date":"2021-01-16T12:45:09.229936","name":"Sandbox's ASSETs","nft_version":null,"opensea_version":null,"owner":null,"schema_name":"ERC1155","symbol":"ASSET","total_supply":null,"description":"The Sandbox is a community-driven platform where creators can monetize voxel assets and gaming experiences on the blockchain. The Sandbox metaverse comprises a map made up of 166,464 LANDS. LAND owners can host contests and events, stake SAND to earn and customize assets, monetize assets and experiences, vote in the metaverse governance, play games that you or others create, and more! Trade the collection and keep your eyes peeled for future drops.","external_link":null,"image_url":"https://i.seadn.io/gae/SXH8tW1siikB80rwCRnjm1a5xM_MwTg9Xl9Db6mioIk9HIlDM09pVoSR7GKJgS6ulSUpgW9BDtMk_ePX_NKgO9A?w=500&auto=format","default_to_fiat":false,"dev_buyer_fee_basis_points":0,"dev_seller_fee_basis_points":500,"only_proxied_transfers":false,"opensea_buyer_fee_basis_points":0,"opensea_seller_fee_basis_points":250,"buyer_fee_basis_points":0,"seller_fee_basis_points":750,"payout_address":"0x7a9fe22691c811ea339d9b73150e6911a5343dca"},"permalink":"https://opensea.io/assets/ethereum/0xa342f5d851e866e18ff98f351f2c6637f4478db5/28176576262123135577383800350516220888364151724214746662377805863119057061888","collection":{"banner_image_url":"https://i.seadn.io/gcs/files/fb46c14805de22fb1565130608b52f62.png?w=500&auto=format","chat_url":null,"created_date":"2021-11-10T22:44:32.563534+00:00","default_to_fiat":false,"description":"The Sandbox is a community-driven platform where creators can monetize voxel assets and gaming experiences on the blockchain. The Sandbox metaverse comprises a map made up of 166,464 LANDS. LAND owners can host contests and events, stake SAND to earn and customize assets, monetize assets and experiences, vote in the metaverse governance, play games that you or others create, and more! Trade the collection and keep your eyes peeled for future drops.","dev_buyer_fee_basis_points":"0","dev_seller_fee_basis_points":"500","discord_url":null,"display_data":{"card_display_style":"contain"},"external_url":null,"featured":false,"featured_image_url":"https://i.seadn.io/gae/ozsdtadqWhFswbgMReMCMmOksixr9gELXBwunGYlqpgCJ03lUkEnriujRePMooiKir9hTkIFEUtp3Gh-shqy_XRmfifdDZTqUqLyZA?w=500&auto=format","hidden":false,"safelist_request_status":"verified","image_url":"https://i.seadn.io/gae/SXH8tW1siikB80rwCRnjm1a5xM_MwTg9Xl9Db6mioIk9HIlDM09pVoSR7GKJgS6ulSUpgW9BDtMk_ePX_NKgO9A?w=500&auto=format","is_subject_to_whitelist":false,"large_image_url":"https://i.seadn.io/gae/ozsdtadqWhFswbgMReMCMmOksixr9gELXBwunGYlqpgCJ03lUkEnriujRePMooiKir9hTkIFEUtp3Gh-shqy_XRmfifdDZTqUqLyZA?w=500&auto=format","medium_username":null,"name":"The Sandbox ASSETS","only_proxied_transfers":false,"opensea_buyer_fee_basis_points":"0","opensea_seller_fee_basis_points":"250","payout_address":"0x7a9fe22691c811ea339d9b73150e6911a5343dca","require_email":false,"short_description":null,"slug":"the-sandbox-assets","telegram_url":null,"twitter_username":null,"instagram_username":null,"wiki_url":null,"is_nsfw":false,"fees":{"seller_fees":{"0x7a9fe22691c811ea339d9b73150e6911a5343dca":500},"opensea_fees":{"0x0000a26b00c1f0df003000390027140000faa719":250}},"is_rarity_enabled":false},"decimals":null,"token_metadata":"ipfs://bafybeifqg5i75bijfa32e7eeyj6j3oidwtyuqtvozewro4fxp6mhmba6si/0.json","is_nsfw":false,"owner":null,"seaport_sell_orders":null,"creator":{"user":{"username":"MoMo_PH"},"profile_img_url":"https://storage.googleapis.com/opensea-static/opensea-profile/30.png","address":"0x3e4b6083c48ec169e8837000c164e4dd179ed8a3","config":""},"traits":[],"last_sale":{"asset":{"decimals":null,"token_id":"28176576262123135577383800350516220888364151724214746662377805863119057061888"},"asset_bundle":null,"event_type":"successful","event_timestamp":"2022-01-23T17:29:49","auction_type":null,"total_price":"350000000000000000","payment_token":{"symbol":"ETH","address":"0x0000000000000000000000000000000000000000","image_url":"https://openseauserdata.com/files/6f8e2979d428180222796ff4a33ab929.svg","name":"Ether","decimals":18,"eth_price":"1.000000000000000","usd_price":"1215.769999999999982000"},"transaction":{"block_hash":"0x956cea62bfac62b80871a692b07f7774dca675366a9dd3299043617af703f889","block_number":"14063259","from_account":{"user":{"username":"Mikerrr"},"profile_img_url":"https://storage.googleapis.com/opensea-static/opensea-profile/8.png","address":"0x4d5be0424337c2ccc97827422643b2f905153c58","config":""},"id":255723538,"timestamp":"2022-01-23T17:29:49","to_account":{"user":{"username":"OpenSea-Orders"},"profile_img_url":"https://storage.googleapis.com/opensea-static/opensea-profile/22.png","address":"0x7be8076f4ea4a4ad08075c2508e481d6c946d12b","config":"verified"},"transaction_hash":"0x9e88325312c31f76c8edddadf94dc2fcfafbe1e76515f51c1ebb91fb4d81767b","transaction_index":"25"},"created_date":"2022-01-23T17:30:16.480136","quantity":"1"},"top_bid":null,"listing_date":null,"supports_wyvern":true,"rarity_data":null,"transfer_fee":null,"transfer_fee_payment_token":null,"token_id":"28176576262123135577383800350516220888364151724214746662377805863119057061888"}
