{"id":116725685,"num_sales":1,"background_color":null,"image_url":"https://i.seadn.io/gcs/files/6ff9490071f491769afa79a9ee546cc7.png?w=500&auto=format","image_preview_url":"https://i.seadn.io/gcs/files/6ff9490071f491769afa79a9ee546cc7.png?w=500&auto=format","image_thumbnail_url":"https://i.seadn.io/gcs/files/6ff9490071f491769afa79a9ee546cc7.png?w=500&auto=format","image_original_url":"ipfs://bafybeie6vjkrtgaxdgizohtbktowx6bgne4td4oqznbg4v44mqpswyqote/tempel-tuttle-city-boot-camel.png","animation_url":"https://openseauserdata.com/files/50272643a68f5f252c7f1b6f62f3c191.gltf","animation_original_url":"ipfs://bafybeie6vjkrtgaxdgizohtbktowx6bgne4td4oqznbg4v44mqpswyqote/tempel-tuttle-city-boot-camel.gltf","name":"Tempel Tuttle City Boot - Camel","description":"Combining rugged durability and handsome styling and created using time-honored voxel craftsmanship, this camel boot can traverse any land you visit.","external_link":"https://www.sandbox.game/en/assets/tempel-tuttle-city-boot-camel/d926b0ab-1c15-461f-9e44-ef22e4c0513b/","asset_contract":{"address":"0xa342f5d851e866e18ff98f351f2c6637f4478db5","asset_contract_type":"semi-fungible","created_date":"2021-01-16T12:45:09.229936","name":"Sandbox's ASSETs","nft_version":null,"opensea_version":null,"owner":null,"schema_name":"ERC1155","symbol":"ASSET","total_supply":null,"description":"The Sandbox is a community-driven platform where creators can monetize voxel assets and gaming experiences on the blockchain. The Sandbox metaverse comprises a map made up of 166,464 LANDS. LAND owners can host contests and events, stake SAND to earn and customize assets, monetize assets and experiences, vote in the metaverse governance, play games that you or others create, and more! Trade the collection and keep your eyes peeled for future drops.","external_link":null,"image_url":"https://i.seadn.io/gae/SXH8tW1siikB80rwCRnjm1a5xM_MwTg9Xl9Db6mioIk9HIlDM09pVoSR7GKJgS6ulSUpgW9BDtMk_ePX_NKgO9A?w=500&auto=format","default_to_fiat":false,"dev_buyer_fee_basis_points":0,"dev_seller_fee_basis_points":500,"only_proxied_transfers":false,"opensea_buyer_fee_basis_points":0,"opensea_seller_fee_basis_points":250,"buyer_fee_basis_points":0,"seller_fee_basis_points":750,"payout_address":"0x7a9fe22691c811ea339d9b73150e6911a5343dca"},"permalink":"https://opensea.io/assets/ethereum/0xa342f5d851e866e18ff98f351f2c6637f4478db5/62710515177425339188223510869197429240137853208576552103403789533941424197632","collection":{"banner_image_url":"https://i.seadn.io/gcs/files/fb46c14805de22fb1565130608b52f62.png?w=500&auto=format","chat_url":null,"created_date":"2021-11-10T22:44:32.563534+00:00","default_to_fiat":false,"description":"The Sandbox is a community-driven platform where creators can monetize voxel assets and gaming experiences on the blockchain. The Sandbox metaverse comprises a map made up of 166,464 LANDS. LAND owners can host contests and events, stake SAND to earn and customize assets, monetize assets and experiences, vote in the metaverse governance, play games that you or others create, and more! Trade the collection and keep your eyes peeled for future drops.","dev_buyer_fee_basis_points":"0","dev_seller_fee_basis_points":"500","discord_url":null,"display_data":{"card_display_style":"contain"},"external_url":null,"featured":false,"featured_image_url":"https://i.seadn.io/gae/ozsdtadqWhFswbgMReMCMmOksixr9gELXBwunGYlqpgCJ03lUkEnriujRePMooiKir9hTkIFEUtp3Gh-shqy_XRmfifdDZTqUqLyZA?w=500&auto=format","hidden":false,"safelist_request_status":"verified","image_url":"https://i.seadn.io/gae/SXH8tW1siikB80rwCRnjm1a5xM_MwTg9Xl9Db6mioIk9HIlDM09pVoSR7GKJgS6ulSUpgW9BDtMk_ePX_NKgO9A?w=500&auto=format","is_subject_to_whitelist":false,"large_image_url":"https://i.seadn.io/gae/ozsdtadqWhFswbgMReMCMmOksixr9gELXBwunGYlqpgCJ03lUkEnriujRePMooiKir9hTkIFEUtp3Gh-shqy_XRmfifdDZTqUqLyZA?w=500&auto=format","medium_username":null,"name":"The Sandbox ASSETS","only_proxied_transfers":false,"opensea_buyer_fee_basis_points":"0","opensea_seller_fee_basis_points":"250","payout_address":"0x7a9fe22691c811ea339d9b73150e6911a5343dca","require_email":false,"short_description":null,"slug":"the-sandbox-assets","telegram_url":null,"twitter_username":null,"instagram_username":null,"wiki_url":null,"is_nsfw":false,"fees":{"seller_fees":{"0x7a9fe22691c811ea339d9b73150e6911a5343dca":500},"opensea_fees":{"0x0000a26b00c1f0df003000390027140000faa719":250}},"is_rarity_enabled":false},"decimals":null,"token_metadata":"ipfs://bafybeid2e54i6f6x3ymmnv4sdgfhxdb4p2kfbly7eerwwserxmcu7sqgcy/0.json","is_nsfw":false,"owner":null,"seaport_sell_orders":null,"creator":{"user":{"username":"VVAMP_Footwear_"},"profile_img_url":"https://storage.googleapis.com/opensea-static/opensea-profile/6.png","address":"0x8aa4e4ce16bd89239c03cf7687757ba95a64d3a9","config":""},"traits":[],"last_sale":{"asset":{"decimals":null,"token_id":"62710515177425339188223510869197429240137853208576552103403789533941424197632"},"asset_bundle":null,"event_type":"successful","event_timestamp":"2022-08-14T14:23:46","auction_type":null,"total_price":"10000000000000000","payment_token":{"symbol":"ETH","address":"0x0000000000000000000000000000000000000000","image_url":"https://openseauserdata.com/files/6f8e2979d428180222796ff4a33ab929.svg","name":"Ether","decimals":18,"eth_price":"1.000000000000000","usd_price":"1215.769999999999982000"},"transaction":null,"created_date":"2022-08-14T14:23:58.519074","quantity":"1"},"top_bid":null,"listing_date":null,"supports_wyvern":true,"rarity_data":null,"transfer_fee":null,"transfer_fee_payment_token":null,"token_id":"62710515177425339188223510869197429240137853208576552103403789533941424197632"}
