{"id":117945984,"num_sales":1,"background_color":null,"image_url":"https://i.seadn.io/gcs/files/50d9902a4a299bff944c5926c0fad4ee.png?w=500&auto=format","image_preview_url":"https://i.seadn.io/gcs/files/50d9902a4a299bff944c5926c0fad4ee.png?w=500&auto=format","image_thumbnail_url":"https://i.seadn.io/gcs/files/50d9902a4a299bff944c5926c0fad4ee.png?w=500&auto=format","image_original_url":"ipfs://bafybeigannevdwkbnxoffynqbtngmzrdnjkidsgwiu4t23roaztcur5lcu/james-the-firehead.png","animation_url":"https://openseauserdata.com/files/64678395fc3f01459ac428de26f760bb.gltf","animation_original_url":"ipfs://bafybeigannevdwkbnxoffynqbtngmzrdnjkidsgwiu4t23roaztcur5lcu/james-the-firehead.gltf","name":"James The Firehead","description":"Meet the rock star! He can amuse you with his stylish guitar, sparkly jacket and bring you joy and make you rock on and on!","external_link":"https://www.sandbox.game/en/assets/james-the-firehead/62817f98-7503-4aa9-a4dd-fddf7ee787d7/","asset_contract":{"address":"0xa342f5d851e866e18ff98f351f2c6637f4478db5","asset_contract_type":"semi-fungible","created_date":"2021-01-16T12:45:09.229936","name":"Sandbox's ASSETs","nft_version":null,"opensea_version":null,"owner":null,"schema_name":"ERC1155","symbol":"ASSET","total_supply":null,"description":"The Sandbox is a community-driven platform where creators can monetize voxel assets and gaming experiences on the blockchain. The Sandbox metaverse comprises a map made up of 166,464 LANDS. LAND owners can host contests and events, stake SAND to earn and customize assets, monetize assets and experiences, vote in the metaverse governance, play games that you or others create, and more! Trade the collection and keep your eyes peeled for future drops.","external_link":null,"image_url":"https://i.seadn.io/gae/SXH8tW1siikB80rwCRnjm1a5xM_MwTg9Xl9Db6mioIk9HIlDM09pVoSR7GKJgS6ulSUpgW9BDtMk_ePX_NKgO9A?w=500&auto=format","default_to_fiat":false,"dev_buyer_fee_basis_points":0,"dev_seller_fee_basis_points":500,"only_proxied_transfers":false,"opensea_buyer_fee_basis_points":0,"opensea_seller_fee_basis_points":250,"buyer_fee_basis_points":0,"seller_fee_basis_points":750,"payout_address":"0x7a9fe22691c811ea339d9b73150e6911a5343dca"},"permalink":"https://opensea.io/assets/ethereum/0xa342f5d851e866e18ff98f351f2c6637f4478db5/93539746106169265185984122850742147987924040810729814653747710597909444579334","collection":{"banner_image_url":"https://i.seadn.io/gcs/files/fb46c14805de22fb1565130608b52f62.png?w=500&auto=format","chat_url":null,"created_date":"2021-11-10T22:44:32.563534+00:00","default_to_fiat":false,"description":"The Sandbox is a community-driven platform where creators can monetize voxel assets and gaming experiences on the blockchain. The Sandbox metaverse comprises a map made up of 166,464 LANDS. LAND owners can host contests and events, stake SAND to earn and customize assets, monetize assets and experiences, vote in the metaverse governance, play games that you or others create, and more! Trade the collection and keep your eyes peeled for future drops.","dev_buyer_fee_basis_points":"0","dev_seller_fee_basis_points":"500","discord_url":null,"display_data":{"card_display_style":"contain"},"external_url":null,"featured":false,"featured_image_url":"https://i.seadn.io/gae/ozsdtadqWhFswbgMReMCMmOksixr9gELXBwunGYlqpgCJ03lUkEnriujRePMooiKir9hTkIFEUtp3Gh-shqy_XRmfifdDZTqUqLyZA?w=500&auto=format","hidden":false,"safelist_request_status":"verified","image_url":"https://i.seadn.io/gae/SXH8tW1siikB80rwCRnjm1a5xM_MwTg9Xl9Db6mioIk9HIlDM09pVoSR7GKJgS6ulSUpgW9BDtMk_ePX_NKgO9A?w=500&auto=format","is_subject_to_whitelist":false,"large_image_url":"https://i.seadn.io/gae/ozsdtadqWhFswbgMReMCMmOksixr9gELXBwunGYlqpgCJ03lUkEnriujRePMooiKir9hTkIFEUtp3Gh-shqy_XRmfifdDZTqUqLyZA?w=500&auto=format","medium_username":null,"name":"The Sandbox ASSETS","only_proxied_transfers":false,"opensea_buyer_fee_basis_points":"0","opensea_seller_fee_basis_points":"250","payout_address":"0x7a9fe22691c811ea339d9b73150e6911a5343dca","require_email":false,"short_description":null,"slug":"the-sandbox-assets","telegram_url":null,"twitter_username":null,"instagram_username":null,"wiki_url":null,"is_nsfw":false,"fees":{"seller_fees":{"0x7a9fe22691c811ea339d9b73150e6911a5343dca":500},"opensea_fees":{"0x0000a26b00c1f0df003000390027140000faa719":250}},"is_rarity_enabled":false},"decimals":null,"token_metadata":"ipfs://bafybeiej6rpqfdingknudwnmvfzb4zmo5r4ll36a7ekqorfd2yesdqtmei/6.json","is_nsfw":false,"owner":null,"seaport_sell_orders":null,"creator":{"user":{"username":"LadyPixyCompany"},"profile_img_url":"https://storage.googleapis.com/opensea-static/opensea-profile/16.png","address":"0xcecd9ebfe84d35c8e835a39ef61dce7d1bd0f2e8","config":"verified"},"traits":[],"last_sale":{"asset":{"decimals":null,"token_id":"93539746106169265185984122850742147987924040810729814653747710597909444579334"},"asset_bundle":null,"event_type":"successful","event_timestamp":"2022-10-26T06:36:47","auction_type":null,"total_price":"25000000000000000","payment_token":{"symbol":"WETH","address":"0xc02aaa39b223fe8d0a0e5c4f27ead9083c756cc2","image_url":"https://openseauserdata.com/files/accae6b6fb3888cbff27a013729c22dc.svg","name":"Wrapped Ether","decimals":18,"eth_price":"1.000000000000000","usd_price":"1215.769999999999982000"},"transaction":null,"created_date":"2022-11-10T03:32:06.358569","quantity":"1"},"top_bid":null,"listing_date":null,"supports_wyvern":true,"rarity_data":null,"transfer_fee":null,"transfer_fee_payment_token":null,"token_id":"93539746106169265185984122850742147987924040810729814653747710597909444579334"}
