{"id":120317726,"num_sales":6,"background_color":null,"image_url":"https://i.seadn.io/gcs/files/5ddd899340ab9c34243e75901c397787.png?w=500&auto=format","image_preview_url":"https://i.seadn.io/gcs/files/5ddd899340ab9c34243e75901c397787.png?w=500&auto=format","image_thumbnail_url":"https://i.seadn.io/gcs/files/5ddd899340ab9c34243e75901c397787.png?w=500&auto=format","image_original_url":"ipfs://bafybeifx7juouci3bg55szrvesria4tyyejrraflzyrahoyf7ttqyfg4re/hip-hop-girl.png","animation_url":"https://openseauserdata.com/files/76846689575714327ab87bde0a6a3b76.gltf","animation_original_url":"ipfs://bafybeifx7juouci3bg55szrvesria4tyyejrraflzyrahoyf7ttqyfg4re/hip-hop-girl.gltf","name":"Hip Hop Girl","description":"Hip-Hop isn't just music. You can't stop it from running through these veins. It's what my soul needs and it's the rhythm of my heartbeat.","external_link":"https://www.sandbox.game/en/assets/hip-hop-girl/59a02ed9-587c-4401-8498-370479a6048f/","asset_contract":{"address":"0xa342f5d851e866e18ff98f351f2c6637f4478db5","asset_contract_type":"semi-fungible","created_date":"2021-01-16T12:45:09.229936","name":"Sandbox's ASSETs","nft_version":null,"opensea_version":null,"owner":null,"schema_name":"ERC1155","symbol":"ASSET","total_supply":null,"description":"The Sandbox is a community-driven platform where creators can monetize voxel assets and gaming experiences on the blockchain. The Sandbox metaverse comprises a map made up of 166,464 LANDS. LAND owners can host contests and events, stake SAND to earn and customize assets, monetize assets and experiences, vote in the metaverse governance, play games that you or others create, and more! Trade the collection and keep your eyes peeled for future drops.","external_link":null,"image_url":"https://i.seadn.io/gae/SXH8tW1siikB80rwCRnjm1a5xM_MwTg9Xl9Db6mioIk9HIlDM09pVoSR7GKJgS6ulSUpgW9BDtMk_ePX_NKgO9A?w=500&auto=format","default_to_fiat":false,"dev_buyer_fee_basis_points":0,"dev_seller_fee_basis_points":500,"only_proxied_transfers":false,"opensea_buyer_fee_basis_points":0,"opensea_seller_fee_basis_points":250,"buyer_fee_basis_points":0,"seller_fee_basis_points":750,"payout_address":"0x7a9fe22691c811ea339d9b73150e6911a5343dca"},"permalink":"https://opensea.io/assets/ethereum/0xa342f5d851e866e18ff98f351f2c6637f4478db5/49392585334205836478376186509019092066300290911888247364576238128062242228224","collection":{"banner_image_url":"https://i.seadn.io/gcs/files/fb46c14805de22fb1565130608b52f62.png?w=500&auto=format","chat_url":null,"created_date":"2021-11-10T22:44:32.563534+00:00","default_to_fiat":false,"description":"The Sandbox is a community-driven platform where creators can monetize voxel assets and gaming experiences on the blockchain. The Sandbox metaverse comprises a map made up of 166,464 LANDS. LAND owners can host contests and events, stake SAND to earn and customize assets, monetize assets and experiences, vote in the metaverse governance, play games that you or others create, and more! Trade the collection and keep your eyes peeled for future drops.","dev_buyer_fee_basis_points":"0","dev_seller_fee_basis_points":"500","discord_url":null,"display_data":{"card_display_style":"contain"},"external_url":null,"featured":false,"featured_image_url":"https://i.seadn.io/gae/ozsdtadqWhFswbgMReMCMmOksixr9gELXBwunGYlqpgCJ03lUkEnriujRePMooiKir9hTkIFEUtp3Gh-shqy_XRmfifdDZTqUqLyZA?w=500&auto=format","hidden":false,"safelist_request_status":"verified","image_url":"https://i.seadn.io/gae/SXH8tW1siikB80rwCRnjm1a5xM_MwTg9Xl9Db6mioIk9HIlDM09pVoSR7GKJgS6ulSUpgW9BDtMk_ePX_NKgO9A?w=500&auto=format","is_subject_to_whitelist":false,"large_image_url":"https://i.seadn.io/gae/ozsdtadqWhFswbgMReMCMmOksixr9gELXBwunGYlqpgCJ03lUkEnriujRePMooiKir9hTkIFEUtp3Gh-shqy_XRmfifdDZTqUqLyZA?w=500&auto=format","medium_username":null,"name":"The Sandbox ASSETS","only_proxied_transfers":false,"opensea_buyer_fee_basis_points":"0","opensea_seller_fee_basis_points":"250","payout_address":"0x7a9fe22691c811ea339d9b73150e6911a5343dca","require_email":false,"short_description":null,"slug":"the-sandbox-assets","telegram_url":null,"twitter_username":null,"instagram_username":null,"wiki_url":null,"is_nsfw":false,"fees":{"seller_fees":{"0x7a9fe22691c811ea339d9b73150e6911a5343dca":500},"opensea_fees":{"0x0000a26b00c1f0df003000390027140000faa719":250}},"is_rarity_enabled":false},"decimals":null,"token_metadata":"ipfs://bafybeia4zuik77ves6rh6xzvs64chpyros35zegfehgpxrxe7a3w5dcbn4/0.json","is_nsfw":false,"owner":null,"seaport_sell_orders":null,"creator":{"user":{"username":"NecrobombIcon"},"profile_img_url":"https://storage.googleapis.com/opensea-static/opensea-profile/4.png","address":"0x6d33366d332c64a1dad899d7d71a799000eb8be4","config":""},"traits":[],"last_sale":{"asset":{"decimals":null,"token_id":"49392585334205836478376186509019092066300290911888247364576238128062242228224"},"asset_bundle":null,"event_type":"successful","event_timestamp":"2022-03-11T05:15:08","auction_type":null,"total_price":"25000000000000000","payment_token":{"symbol":"ETH","address":"0x0000000000000000000000000000000000000000","image_url":"https://openseauserdata.com/files/6f8e2979d428180222796ff4a33ab929.svg","name":"Ether","decimals":18,"eth_price":"1.000000000000000","usd_price":"1215.769999999999982000"},"transaction":{"block_hash":"0xb6ddd274212dd8270fb10aa28d60bd1461d5b0293a027cd0d214e955fb680c3b","block_number":"14363641","from_account":{"user":{"username":null},"profile_img_url":"https://storage.googleapis.com/opensea-static/opensea-profile/24.png","address":"0xfd3a67312f08c6774ff773c634840fcafd82cd38","config":""},"id":297366296,"timestamp":"2022-03-11T05:15:08","to_account":{"user":null,"profile_img_url":"https://storage.googleapis.com/opensea-static/opensea-profile/28.png","address":"0x7f268357a8c2552623316e2562d90e642bb538e5","config":""},"transaction_hash":"0x7274b3e40e18aa6a95fcc353699f41b62bb547331d8e275b94408fe17a53e300","transaction_index":"163"},"created_date":"2022-03-11T05:15:33.524537","quantity":"1"},"top_bid":null,"listing_date":null,"supports_wyvern":true,"rarity_data":null,"transfer_fee":null,"transfer_fee_payment_token":null,"token_id":"49392585334205836478376186509019092066300290911888247364576238128062242228224"}
