{"id":123871249,"num_sales":2,"background_color":null,"image_url":"https://i.seadn.io/gcs/files/423359e143ceeb80993d81ebb66c3885.png?w=500&auto=format","image_preview_url":"https://i.seadn.io/gcs/files/423359e143ceeb80993d81ebb66c3885.png?w=500&auto=format","image_thumbnail_url":"https://i.seadn.io/gcs/files/423359e143ceeb80993d81ebb66c3885.png?w=500&auto=format","image_original_url":"ipfs://bafybeiapc7wk7lg2yh7mfze3jjognlrgnvm3jncrma5dbpwvnj5ughphhu/lulusword-lululand.png","animation_url":"https://openseauserdata.com/files/992c6ade55df9e2bcda37bd79e7d77b2.gltf","animation_original_url":"ipfs://bafybeiapc7wk7lg2yh7mfze3jjognlrgnvm3jncrma5dbpwvnj5ughphhu/lulusword-lululand.gltf","name":"luluSword - Lululand","description":"The sword used by a hero who protected Lululand. Powered by Lulunut, the mysterious nut.","external_link":"https://www.sandbox.game/en/assets/lulusword-lululand/258236ba-06c3-48f6-a840-cd7b3fe80151/","asset_contract":{"address":"0xa342f5d851e866e18ff98f351f2c6637f4478db5","asset_contract_type":"semi-fungible","created_date":"2021-01-16T12:45:09.229936","name":"Sandbox's ASSETs","nft_version":null,"opensea_version":null,"owner":null,"schema_name":"ERC1155","symbol":"ASSET","total_supply":null,"description":"The Sandbox is a community-driven platform where creators can monetize voxel assets and gaming experiences on the blockchain. The Sandbox metaverse comprises a map made up of 166,464 LANDS. LAND owners can host contests and events, stake SAND to earn and customize assets, monetize assets and experiences, vote in the metaverse governance, play games that you or others create, and more! Trade the collection and keep your eyes peeled for future drops.","external_link":null,"image_url":"https://i.seadn.io/gae/SXH8tW1siikB80rwCRnjm1a5xM_MwTg9Xl9Db6mioIk9HIlDM09pVoSR7GKJgS6ulSUpgW9BDtMk_ePX_NKgO9A?w=500&auto=format","default_to_fiat":false,"dev_buyer_fee_basis_points":0,"dev_seller_fee_basis_points":500,"only_proxied_transfers":false,"opensea_buyer_fee_basis_points":0,"opensea_seller_fee_basis_points":250,"buyer_fee_basis_points":0,"seller_fee_basis_points":750,"payout_address":"0x7a9fe22691c811ea339d9b73150e6911a5343dca"},"permalink":"https://opensea.io/assets/ethereum/0xa342f5d851e866e18ff98f351f2c6637f4478db5/95280018644985386986197159022718986623817770362211778313982573622559342913562","collection":{"banner_image_url":"https://i.seadn.io/gcs/files/fb46c14805de22fb1565130608b52f62.png?w=500&auto=format","chat_url":null,"created_date":"2021-11-10T22:44:32.563534+00:00","default_to_fiat":false,"description":"The Sandbox is a community-driven platform where creators can monetize voxel assets and gaming experiences on the blockchain. The Sandbox metaverse comprises a map made up of 166,464 LANDS. LAND owners can host contests and events, stake SAND to earn and customize assets, monetize assets and experiences, vote in the metaverse governance, play games that you or others create, and more! Trade the collection and keep your eyes peeled for future drops.","dev_buyer_fee_basis_points":"0","dev_seller_fee_basis_points":"500","discord_url":null,"display_data":{"card_display_style":"contain"},"external_url":null,"featured":false,"featured_image_url":"https://i.seadn.io/gae/ozsdtadqWhFswbgMReMCMmOksixr9gELXBwunGYlqpgCJ03lUkEnriujRePMooiKir9hTkIFEUtp3Gh-shqy_XRmfifdDZTqUqLyZA?w=500&auto=format","hidden":false,"safelist_request_status":"verified","image_url":"https://i.seadn.io/gae/SXH8tW1siikB80rwCRnjm1a5xM_MwTg9Xl9Db6mioIk9HIlDM09pVoSR7GKJgS6ulSUpgW9BDtMk_ePX_NKgO9A?w=500&auto=format","is_subject_to_whitelist":false,"large_image_url":"https://i.seadn.io/gae/ozsdtadqWhFswbgMReMCMmOksixr9gELXBwunGYlqpgCJ03lUkEnriujRePMooiKir9hTkIFEUtp3Gh-shqy_XRmfifdDZTqUqLyZA?w=500&auto=format","medium_username":null,"name":"The Sandbox ASSETS","only_proxied_transfers":false,"opensea_buyer_fee_basis_points":"0","opensea_seller_fee_basis_points":"250","payout_address":"0x7a9fe22691c811ea339d9b73150e6911a5343dca","require_email":false,"short_description":null,"slug":"the-sandbox-assets","telegram_url":null,"twitter_username":null,"instagram_username":null,"wiki_url":null,"is_nsfw":false,"fees":{"seller_fees":{"0x7a9fe22691c811ea339d9b73150e6911a5343dca":500},"opensea_fees":{"0x0000a26b00c1f0df003000390027140000faa719":250}},"is_rarity_enabled":false},"decimals":null,"token_metadata":"ipfs://bafybeig7yrdvhxchuv52jkq7kcxi4d2d25sahwmzlomr56x3vsuwkcwqhy/26.json","is_nsfw":false,"owner":null,"seaport_sell_orders":null,"creator":{"user":{"username":"LuluLandWorld"},"profile_img_url":"https://storage.googleapis.com/opensea-static/opensea-profile/3.png","address":"0xd2a69457f4b72a0e946cd55cc80ade6c9a2b2bb1","config":""},"traits":[],"last_sale":{"asset":{"decimals":null,"token_id":"95280018644985386986197159022718986623817770362211778313982573622559342913562"},"asset_bundle":null,"event_type":"successful","event_timestamp":"2022-09-22T01:05:59","auction_type":null,"total_price":"60000000000000000","payment_token":{"symbol":"WETH","address":"0xc02aaa39b223fe8d0a0e5c4f27ead9083c756cc2","image_url":"https://openseauserdata.com/files/accae6b6fb3888cbff27a013729c22dc.svg","name":"Wrapped Ether","decimals":18,"eth_price":"1.000000000000000","usd_price":"1215.769999999999982000"},"transaction":null,"created_date":"2022-09-22T01:06:11.546371","quantity":"1"},"top_bid":null,"listing_date":null,"supports_wyvern":true,"rarity_data":null,"transfer_fee":null,"transfer_fee_payment_token":null,"token_id":"95280018644985386986197159022718986623817770362211778313982573622559342913562"}
