{"id":125000836,"num_sales":38,"background_color":null,"image_url":"https://i.seadn.io/gcs/files/da8004a4447efd3990f73b057a15c847.png?w=500&auto=format","image_preview_url":"https://i.seadn.io/gcs/files/da8004a4447efd3990f73b057a15c847.png?w=500&auto=format","image_thumbnail_url":"https://i.seadn.io/gcs/files/da8004a4447efd3990f73b057a15c847.png?w=500&auto=format","image_original_url":"ipfs://bafybeiaapdubaj45bluqfqysd2b33yucvgvqcdjyjakzxqkkxreus3z7yu/sunset-bounder.png","animation_url":"https://openseauserdata.com/files/1eb8d1627ad46262907dc188707cb310.gltf","animation_original_url":"ipfs://bafybeiaapdubaj45bluqfqysd2b33yucvgvqcdjyjakzxqkkxreus3z7yu/sunset-bounder.gltf","name":"Sunset Bounder","description":"Hit the road onboard your own NFT RV. Take your friends on the most epic road trip. Drive across unknown roads. Conquer the desert. Encounter the unexpected.","external_link":"https://www.sandbox.game/en/assets/sunset-bounder/9482189d-406d-4244-b12e-81842bc0eda7/","asset_contract":{"address":"0xa342f5d851e866e18ff98f351f2c6637f4478db5","asset_contract_type":"semi-fungible","created_date":"2021-01-16T12:45:09.229936","name":"Sandbox's ASSETs","nft_version":null,"opensea_version":null,"owner":null,"schema_name":"ERC1155","symbol":"ASSET","total_supply":null,"description":"The Sandbox is a community-driven platform where creators can monetize voxel assets and gaming experiences on the blockchain. The Sandbox metaverse comprises a map made up of 166,464 LANDS. LAND owners can host contests and events, stake SAND to earn and customize assets, monetize assets and experiences, vote in the metaverse governance, play games that you or others create, and more! Trade the collection and keep your eyes peeled for future drops.","external_link":null,"image_url":"https://i.seadn.io/gae/SXH8tW1siikB80rwCRnjm1a5xM_MwTg9Xl9Db6mioIk9HIlDM09pVoSR7GKJgS6ulSUpgW9BDtMk_ePX_NKgO9A?w=500&auto=format","default_to_fiat":false,"dev_buyer_fee_basis_points":0,"dev_seller_fee_basis_points":500,"only_proxied_transfers":false,"opensea_buyer_fee_basis_points":0,"opensea_seller_fee_basis_points":250,"buyer_fee_basis_points":0,"seller_fee_basis_points":750,"payout_address":"0x7a9fe22691c811ea339d9b73150e6911a5343dca"},"permalink":"https://opensea.io/assets/ethereum/0xa342f5d851e866e18ff98f351f2c6637f4478db5/42632110603259453565858347995918235046706070126155040061375234483527526385664","collection":{"banner_image_url":"https://i.seadn.io/gcs/files/fb46c14805de22fb1565130608b52f62.png?w=500&auto=format","chat_url":null,"created_date":"2021-11-10T22:44:32.563534+00:00","default_to_fiat":false,"description":"The Sandbox is a community-driven platform where creators can monetize voxel assets and gaming experiences on the blockchain. The Sandbox metaverse comprises a map made up of 166,464 LANDS. LAND owners can host contests and events, stake SAND to earn and customize assets, monetize assets and experiences, vote in the metaverse governance, play games that you or others create, and more! Trade the collection and keep your eyes peeled for future drops.","dev_buyer_fee_basis_points":"0","dev_seller_fee_basis_points":"500","discord_url":null,"display_data":{"card_display_style":"contain"},"external_url":null,"featured":false,"featured_image_url":"https://i.seadn.io/gae/ozsdtadqWhFswbgMReMCMmOksixr9gELXBwunGYlqpgCJ03lUkEnriujRePMooiKir9hTkIFEUtp3Gh-shqy_XRmfifdDZTqUqLyZA?w=500&auto=format","hidden":false,"safelist_request_status":"verified","image_url":"https://i.seadn.io/gae/SXH8tW1siikB80rwCRnjm1a5xM_MwTg9Xl9Db6mioIk9HIlDM09pVoSR7GKJgS6ulSUpgW9BDtMk_ePX_NKgO9A?w=500&auto=format","is_subject_to_whitelist":false,"large_image_url":"https://i.seadn.io/gae/ozsdtadqWhFswbgMReMCMmOksixr9gELXBwunGYlqpgCJ03lUkEnriujRePMooiKir9hTkIFEUtp3Gh-shqy_XRmfifdDZTqUqLyZA?w=500&auto=format","medium_username":null,"name":"The Sandbox ASSETS","only_proxied_transfers":false,"opensea_buyer_fee_basis_points":"0","opensea_seller_fee_basis_points":"250","payout_address":"0x7a9fe22691c811ea339d9b73150e6911a5343dca","require_email":false,"short_description":null,"slug":"the-sandbox-assets","telegram_url":null,"twitter_username":null,"instagram_username":null,"wiki_url":null,"is_nsfw":false,"fees":{"seller_fees":{"0x7a9fe22691c811ea339d9b73150e6911a5343dca":500},"opensea_fees":{"0x0000a26b00c1f0df003000390027140000faa719":250}},"is_rarity_enabled":false},"decimals":null,"token_metadata":"ipfs://bafybeihzfsm3kucxkzexsuqhqgeqgq3u7x4b63nhqm2pt5iyzblgao6v64/0.json","is_nsfw":false,"owner":null,"seaport_sell_orders":null,"creator":{"user":{"username":"NonFungibleLotus"},"profile_img_url":"https://storage.googleapis.com/opensea-static/opensea-profile/32.png","address":"0x5e40eb64a9f98b6766582e9ef2ea9d869a053a95","config":""},"traits":[],"last_sale":{"asset":{"decimals":null,"token_id":"42632110603259453565858347995918235046706070126155040061375234483527526385664"},"asset_bundle":null,"event_type":"successful","event_timestamp":"2022-05-20T04:11:16","auction_type":null,"total_price":"30000000000000000","payment_token":{"symbol":"ETH","address":"0x0000000000000000000000000000000000000000","image_url":"https://openseauserdata.com/files/6f8e2979d428180222796ff4a33ab929.svg","name":"Ether","decimals":18,"eth_price":"1.000000000000000","usd_price":"1215.769999999999982000"},"transaction":{"block_hash":"0x328d1d5e7b8ad73aafa8aa57b92996e0c69b7b5cccd9f440c9fbef9563730264","block_number":"14808977","from_account":{"user":{"username":"TimeMachineGaming"},"profile_img_url":"https://storage.googleapis.com/opensea-static/opensea-profile/11.png","address":"0xb2d308dc49b27c8d4b99936c7f6c9216ee98aac8","config":""},"id":371843827,"timestamp":"2022-05-20T04:11:16","to_account":{"user":null,"profile_img_url":"https://storage.googleapis.com/opensea-static/opensea-profile/28.png","address":"0x7f268357a8c2552623316e2562d90e642bb538e5","config":""},"transaction_hash":"0xda56cfb5288bb03b9cc5afa60a1c6bab0ae08846a298b7527fd9604686ef9c27","transaction_index":"225"},"created_date":"2022-05-20T04:11:43.176192","quantity":"1"},"top_bid":null,"listing_date":null,"supports_wyvern":true,"rarity_data":null,"transfer_fee":null,"transfer_fee_payment_token":null,"token_id":"42632110603259453565858347995918235046706070126155040061375234483527526385664"}
