{"id":125802181,"num_sales":4,"background_color":null,"image_url":"https://i.seadn.io/gcs/files/25b4c299a3b77bbacf13c0263ee64c4b.png?w=500&auto=format","image_preview_url":"https://i.seadn.io/gcs/files/25b4c299a3b77bbacf13c0263ee64c4b.png?w=500&auto=format","image_thumbnail_url":"https://i.seadn.io/gcs/files/25b4c299a3b77bbacf13c0263ee64c4b.png?w=500&auto=format","image_original_url":"ipfs://bafybeiev56fgpda2obs5elc37ukek3mywilmgvyodc4khyzhpspfnqrkhe/alien-svin.png","animation_url":"https://openseauserdata.com/files/8f4ba6d7049b825a3a47b44da09cbd68.gltf","animation_original_url":"ipfs://bafybeiev56fgpda2obs5elc37ukek3mywilmgvyodc4khyzhpspfnqrkhe/alien-svin.gltf","name":"Alien SVIN","description":"He arrived on the MetaVerse planet to study its inhabitants. With the help of the third eye and antennas, he can read thoughts.","external_link":"https://www.sandbox.game/en/assets/alien-svin/1444bb02-d8d4-40d0-85fb-6d4bd9909de0/","asset_contract":{"address":"0xa342f5d851e866e18ff98f351f2c6637f4478db5","asset_contract_type":"semi-fungible","created_date":"2021-01-16T12:45:09.229936","name":"Sandbox's ASSETs","nft_version":null,"opensea_version":null,"owner":null,"schema_name":"ERC1155","symbol":"ASSET","total_supply":null,"description":"The Sandbox is a community-driven platform where creators can monetize voxel assets and gaming experiences on the blockchain. The Sandbox metaverse comprises a map made up of 166,464 LANDS. LAND owners can host contests and events, stake SAND to earn and customize assets, monetize assets and experiences, vote in the metaverse governance, play games that you or others create, and more! Trade the collection and keep your eyes peeled for future drops.","external_link":null,"image_url":"https://i.seadn.io/gae/SXH8tW1siikB80rwCRnjm1a5xM_MwTg9Xl9Db6mioIk9HIlDM09pVoSR7GKJgS6ulSUpgW9BDtMk_ePX_NKgO9A?w=500&auto=format","default_to_fiat":false,"dev_buyer_fee_basis_points":0,"dev_seller_fee_basis_points":500,"only_proxied_transfers":false,"opensea_buyer_fee_basis_points":0,"opensea_seller_fee_basis_points":250,"buyer_fee_basis_points":0,"seller_fee_basis_points":750,"payout_address":"0x7a9fe22691c811ea339d9b73150e6911a5343dca"},"permalink":"https://opensea.io/assets/ethereum/0xa342f5d851e866e18ff98f351f2c6637f4478db5/38485404316722247788316156303733810052644189466753243488671265321137194719255","collection":{"banner_image_url":"https://i.seadn.io/gcs/files/fb46c14805de22fb1565130608b52f62.png?w=500&auto=format","chat_url":null,"created_date":"2021-11-10T22:44:32.563534+00:00","default_to_fiat":false,"description":"The Sandbox is a community-driven platform where creators can monetize voxel assets and gaming experiences on the blockchain. The Sandbox metaverse comprises a map made up of 166,464 LANDS. LAND owners can host contests and events, stake SAND to earn and customize assets, monetize assets and experiences, vote in the metaverse governance, play games that you or others create, and more! Trade the collection and keep your eyes peeled for future drops.","dev_buyer_fee_basis_points":"0","dev_seller_fee_basis_points":"500","discord_url":null,"display_data":{"card_display_style":"contain"},"external_url":null,"featured":false,"featured_image_url":"https://i.seadn.io/gae/ozsdtadqWhFswbgMReMCMmOksixr9gELXBwunGYlqpgCJ03lUkEnriujRePMooiKir9hTkIFEUtp3Gh-shqy_XRmfifdDZTqUqLyZA?w=500&auto=format","hidden":false,"safelist_request_status":"verified","image_url":"https://i.seadn.io/gae/SXH8tW1siikB80rwCRnjm1a5xM_MwTg9Xl9Db6mioIk9HIlDM09pVoSR7GKJgS6ulSUpgW9BDtMk_ePX_NKgO9A?w=500&auto=format","is_subject_to_whitelist":false,"large_image_url":"https://i.seadn.io/gae/ozsdtadqWhFswbgMReMCMmOksixr9gELXBwunGYlqpgCJ03lUkEnriujRePMooiKir9hTkIFEUtp3Gh-shqy_XRmfifdDZTqUqLyZA?w=500&auto=format","medium_username":null,"name":"The Sandbox ASSETS","only_proxied_transfers":false,"opensea_buyer_fee_basis_points":"0","opensea_seller_fee_basis_points":"250","payout_address":"0x7a9fe22691c811ea339d9b73150e6911a5343dca","require_email":false,"short_description":null,"slug":"the-sandbox-assets","telegram_url":null,"twitter_username":null,"instagram_username":null,"wiki_url":null,"is_nsfw":false,"fees":{"seller_fees":{"0x7a9fe22691c811ea339d9b73150e6911a5343dca":500},"opensea_fees":{"0x0000a26b00c1f0df003000390027140000faa719":250}},"is_rarity_enabled":false},"decimals":null,"token_metadata":"ipfs://bafybeibaiva664vidlrax7wnuxkdtidcwaj5pub3nwij4uhcxz4vsgwfw4/23.json","is_nsfw":false,"owner":null,"seaport_sell_orders":null,"creator":{"user":null,"profile_img_url":"https://storage.googleapis.com/opensea-static/opensea-profile/24.png","address":"0x5515f78808648821f16f7be37157129db3a4a428","config":""},"traits":[],"last_sale":{"asset":{"decimals":null,"token_id":"38485404316722247788316156303733810052644189466753243488671265321137194719255"},"asset_bundle":null,"event_type":"successful","event_timestamp":"2021-12-03T21:01:56","auction_type":null,"total_price":"249000000000000000","payment_token":{"symbol":"ETH","address":"0x0000000000000000000000000000000000000000","image_url":"https://openseauserdata.com/files/6f8e2979d428180222796ff4a33ab929.svg","name":"Ether","decimals":18,"eth_price":"1.000000000000000","usd_price":"1215.769999999999982000"},"transaction":{"block_hash":"0x4377cf9435fb14609fbbe8e11a4dfc714bae44eb5ed99de4b739e9e1c2e494ce","block_number":"13735815","from_account":{"user":{"username":"Kavoo"},"profile_img_url":"https://storage.googleapis.com/opensea-static/opensea-profile/28.png","address":"0x75e5fe9fa18eb3957264025a524ef8c0886d139e","config":""},"id":215017713,"timestamp":"2021-12-03T21:01:56","to_account":{"user":{"username":"OpenSea-Orders"},"profile_img_url":"https://storage.googleapis.com/opensea-static/opensea-profile/22.png","address":"0x7be8076f4ea4a4ad08075c2508e481d6c946d12b","config":"verified"},"transaction_hash":"0x99ddd573a74710878b21ab41b88c2432a802e6725d29e54e2a05bc42981913f5","transaction_index":"164"},"created_date":"2021-12-03T21:02:21.324260","quantity":"1"},"top_bid":null,"listing_date":null,"supports_wyvern":true,"rarity_data":null,"transfer_fee":null,"transfer_fee_payment_token":null,"token_id":"38485404316722247788316156303733810052644189466753243488671265321137194719255"}
