{"id":125983107,"num_sales":1,"background_color":null,"image_url":"https://i.seadn.io/gae/b7QJaXHYWhPxOTLAkOTZEzZtQyts2SQYl8iui1rnp0V8i-86QVFc6WmpArVGlIs7WUpuXP8v3-L_ubHnbg5_IAohKEAgdjS8LtRl?w=500&auto=format","image_preview_url":"https://i.seadn.io/gae/b7QJaXHYWhPxOTLAkOTZEzZtQyts2SQYl8iui1rnp0V8i-86QVFc6WmpArVGlIs7WUpuXP8v3-L_ubHnbg5_IAohKEAgdjS8LtRl?w=500&auto=format","image_thumbnail_url":"https://i.seadn.io/gae/b7QJaXHYWhPxOTLAkOTZEzZtQyts2SQYl8iui1rnp0V8i-86QVFc6WmpArVGlIs7WUpuXP8v3-L_ubHnbg5_IAohKEAgdjS8LtRl?w=500&auto=format","image_original_url":"https://opensea-private.mypinata.cloud/ipfs/bafybeigzlti6bmrbyy2c3w32gasyh2rag23wce5kzdglnawymciwwlatze/nori-golden-tree.png","animation_url":"https://openseauserdata.com/files/8e8bf2b3424d30ea0517258775d2122c.gltf","animation_original_url":"https://opensea-private.mypinata.cloud/ipfs/bafybeigzlti6bmrbyy2c3w32gasyh2rag23wce5kzdglnawymciwwlatze/nori-golden-tree.gltf","name":"Nori: Golden Tree","description":"Show your support in reversing climate change!","external_link":"https://www.sandbox.game/en/assets/nori-golden-tree/6d53e7c8-4841-4243-92dd-b4f8fb6e5c0e/","asset_contract":{"address":"0xa342f5d851e866e18ff98f351f2c6637f4478db5","asset_contract_type":"semi-fungible","created_date":"2021-01-16T12:45:09.229936","name":"Sandbox's ASSETs","nft_version":null,"opensea_version":null,"owner":null,"schema_name":"ERC1155","symbol":"ASSET","total_supply":null,"description":"The Sandbox is a community-driven platform where creators can monetize voxel assets and gaming experiences on the blockchain. The Sandbox metaverse comprises a map made up of 166,464 LANDS. LAND owners can host contests and events, stake SAND to earn and customize assets, monetize assets and experiences, vote in the metaverse governance, play games that you or others create, and more! Trade the collection and keep your eyes peeled for future drops.","external_link":null,"image_url":"https://i.seadn.io/gae/SXH8tW1siikB80rwCRnjm1a5xM_MwTg9Xl9Db6mioIk9HIlDM09pVoSR7GKJgS6ulSUpgW9BDtMk_ePX_NKgO9A?w=500&auto=format","default_to_fiat":false,"dev_buyer_fee_basis_points":0,"dev_seller_fee_basis_points":500,"only_proxied_transfers":false,"opensea_buyer_fee_basis_points":0,"opensea_seller_fee_basis_points":250,"buyer_fee_basis_points":0,"seller_fee_basis_points":750,"payout_address":"0x7a9fe22691c811ea339d9b73150e6911a5343dca"},"permalink":"https://opensea.io/assets/ethereum/0xa342f5d851e866e18ff98f351f2c6637f4478db5/55464657044963196816950587289035428064568320970731918755074473658485041006593","collection":{"banner_image_url":"https://i.seadn.io/gae/6kDUKohvN--0wMzzEe8KdAsg2xReLH2S8iS_zO6fGUZXUcD5NMeRn-_6pzHCA74KhzQJ53DI6r7vQqCls84mwtBe9fUbPqNIJjUPkHg?w=500&auto=format","chat_url":null,"created_date":"2021-12-13T16:56:35.176532+00:00","default_to_fiat":false,"description":"It is MetavEarth time in The Sandbox. The Sandbox is teaming up with Nori for a special NFT drop coming to a Marketplace near you! By participating in this sale you are not only getting a cool NFT, the Nori: Golden Tree, but you are also actively participating in helping us reverse climate change’s impact. 100% of the proceeds of this auction will go to Nori. Learn more [https://medium.com/sandbox-game/the-sandbox-nori-drop-edc386e926fb](https://medium.com/sandbox-game/the-sandbox-nori-drop-edc386e926fb)","dev_buyer_fee_basis_points":"0","dev_seller_fee_basis_points":"500","discord_url":"https://discord.gg/vAe4zvY","display_data":{"card_display_style":"contain"},"external_url":"http://www.sanbox.game/","featured":false,"featured_image_url":"https://i.seadn.io/gae/Si8S5CBXfA6zQmF6htGlhH7QgklDS-9z_pSscUTxwujMqnKiE7qHC_sGcEYtJwHRBixLTgiv-kEio4uhSW_d-JdsKsFwWCYRnTsArw?w=500&auto=format","hidden":false,"safelist_request_status":"verified","image_url":"https://i.seadn.io/gae/84whTeokdcjtKZdCVslihpkNfLis2Yn456vRKd0CmgN5gFY_dAbgYPriS1DEY110ecx0EZGhFZkIED1WgSkbKf_EnyHbcvelBsU0b_E?w=500&auto=format","is_subject_to_whitelist":false,"large_image_url":"https://i.seadn.io/gae/Si8S5CBXfA6zQmF6htGlhH7QgklDS-9z_pSscUTxwujMqnKiE7qHC_sGcEYtJwHRBixLTgiv-kEio4uhSW_d-JdsKsFwWCYRnTsArw?w=500&auto=format","medium_username":"sandboxgame","name":"The Sandbox x Nori - Golden Tree Reversing Climate Change Auction","only_proxied_transfers":false,"opensea_buyer_fee_basis_points":"0","opensea_seller_fee_basis_points":"250","payout_address":"0x7a9fe22691c811ea339d9b73150e6911a5343dca","require_email":false,"short_description":null,"slug":"the-sandbox-nori-sale","telegram_url":"https://t.me/sandboxgame","twitter_username":"thesandboxgame","instagram_username":"thesandboxgame","wiki_url":null,"is_nsfw":false,"fees":{"seller_fees":{"0x7a9fe22691c811ea339d9b73150e6911a5343dca":500},"opensea_fees":{"0x0000a26b00c1f0df003000390027140000faa719":250}},"is_rarity_enabled":false},"decimals":null,"token_metadata":"ipfs://bafybeig6aqhnrjeeblw7fxgn4s66bcm3oea7mprdwrjcepzqe2dstl7a7e/1.json","is_nsfw":false,"owner":null,"seaport_sell_orders":null,"creator":{"user":{"username":"TheSandboxGame"},"profile_img_url":"https://storage.googleapis.com/opensea-static/opensea-profile/13.png","address":"0x7a9fe22691c811ea339d9b73150e6911a5343dca","config":"verified"},"traits":[],"last_sale":{"asset":{"decimals":null,"token_id":"55464657044963196816950587289035428064568320970731918755074473658485041006593"},"asset_bundle":null,"event_type":"successful","event_timestamp":"2021-12-16T15:02:30","auction_type":null,"total_price":"1575000000000000000000","payment_token":{"symbol":"SAND","address":"0x3845badade8e6dff049820680d1f14bd3903a5d0","image_url":"https://i.seadn.io/gcs/static/miscellaneous/sandbox-token.png?w=500&auto=format","name":"SAND","decimals":18,"eth_price":"0.000368990000000","usd_price":"0.449026000000000000"},"transaction":{"block_hash":"0xb8ec555af47d9bfdbfdce58f3479484728310c97f4469eb067d7099e0cf549ac","block_number":"13816865","from_account":{"user":{"username":"OpenSea-Rewards"},"profile_img_url":"https://storage.googleapis.com/opensea-static/opensea-profile/16.png","address":"0x9b814233894cd227f561b78cc65891aa55c62ad2","config":"verified"},"id":224859974,"timestamp":"2021-12-16T15:02:30","to_account":{"user":{"username":"OpenSea-Orders"},"profile_img_url":"https://storage.googleapis.com/opensea-static/opensea-profile/22.png","address":"0x7be8076f4ea4a4ad08075c2508e481d6c946d12b","config":"verified"},"transaction_hash":"0x325ccdd8f3b87b17061ff1cf9f3bcda702f5e7e365511d4544884d8c5e465e3b","transaction_index":"32"},"created_date":"2021-12-16T15:02:36.154790","quantity":"1"},"top_bid":null,"listing_date":null,"supports_wyvern":true,"rarity_data":null,"transfer_fee":null,"transfer_fee_payment_token":null,"token_id":"55464657044963196816950587289035428064568320970731918755074473658485041006593"}
