{"id":126390490,"num_sales":58,"background_color":null,"image_url":"https://i.seadn.io/gcs/files/c925c2449933d41d181a410aaa4dfb8e.png?w=500&auto=format","image_preview_url":"https://i.seadn.io/gcs/files/c925c2449933d41d181a410aaa4dfb8e.png?w=500&auto=format","image_thumbnail_url":"https://i.seadn.io/gcs/files/c925c2449933d41d181a410aaa4dfb8e.png?w=500&auto=format","image_original_url":"ipfs://bafybeiffjrinsblvdnrjj2m63v7yhrt7xqw7cmnr5bni4drrudrjf2cwc4/snoop-statue-snoop-dogg.png","animation_url":"https://openseauserdata.com/files/276dc7cf4443061b3c2ab694f3b20092.gltf","animation_original_url":"ipfs://bafybeiffjrinsblvdnrjj2m63v7yhrt7xqw7cmnr5bni4drrudrjf2cwc4/snoop-statue-snoop-dogg.gltf","name":"Snoop Statue - Snoop Dogg","description":"Snoop likes to call himself the biggest dog in the neighborhood. But really, this statue of him IS the biggest dog in the neighborhood.","external_link":"https://www.sandbox.game/en/assets/snoop-statue-snoop-dogg/52ea51d4-906a-4685-bb64-cd881f1722df/","asset_contract":{"address":"0xa342f5d851e866e18ff98f351f2c6637f4478db5","asset_contract_type":"semi-fungible","created_date":"2021-01-16T12:45:09.229936","name":"Sandbox's ASSETs","nft_version":null,"opensea_version":null,"owner":null,"schema_name":"ERC1155","symbol":"ASSET","total_supply":null,"description":"The Sandbox is a community-driven platform where creators can monetize voxel assets and gaming experiences on the blockchain. The Sandbox metaverse comprises a map made up of 166,464 LANDS. LAND owners can host contests and events, stake SAND to earn and customize assets, monetize assets and experiences, vote in the metaverse governance, play games that you or others create, and more! Trade the collection and keep your eyes peeled for future drops.","external_link":null,"image_url":"https://i.seadn.io/gae/SXH8tW1siikB80rwCRnjm1a5xM_MwTg9Xl9Db6mioIk9HIlDM09pVoSR7GKJgS6ulSUpgW9BDtMk_ePX_NKgO9A?w=500&auto=format","default_to_fiat":false,"dev_buyer_fee_basis_points":0,"dev_seller_fee_basis_points":500,"only_proxied_transfers":false,"opensea_buyer_fee_basis_points":0,"opensea_seller_fee_basis_points":250,"buyer_fee_basis_points":0,"seller_fee_basis_points":750,"payout_address":"0x7a9fe22691c811ea339d9b73150e6911a5343dca"},"permalink":"https://opensea.io/assets/ethereum/0xa342f5d851e866e18ff98f351f2c6637f4478db5/55464657044963196816950587289035428064568320970692304673817341489688294197248","collection":{"banner_image_url":"https://i.seadn.io/gcs/files/fb46c14805de22fb1565130608b52f62.png?w=500&auto=format","chat_url":null,"created_date":"2021-11-10T22:44:32.563534+00:00","default_to_fiat":false,"description":"The Sandbox is a community-driven platform where creators can monetize voxel assets and gaming experiences on the blockchain. The Sandbox metaverse comprises a map made up of 166,464 LANDS. LAND owners can host contests and events, stake SAND to earn and customize assets, monetize assets and experiences, vote in the metaverse governance, play games that you or others create, and more! Trade the collection and keep your eyes peeled for future drops.","dev_buyer_fee_basis_points":"0","dev_seller_fee_basis_points":"500","discord_url":null,"display_data":{"card_display_style":"contain"},"external_url":null,"featured":false,"featured_image_url":"https://i.seadn.io/gae/ozsdtadqWhFswbgMReMCMmOksixr9gELXBwunGYlqpgCJ03lUkEnriujRePMooiKir9hTkIFEUtp3Gh-shqy_XRmfifdDZTqUqLyZA?w=500&auto=format","hidden":false,"safelist_request_status":"verified","image_url":"https://i.seadn.io/gae/SXH8tW1siikB80rwCRnjm1a5xM_MwTg9Xl9Db6mioIk9HIlDM09pVoSR7GKJgS6ulSUpgW9BDtMk_ePX_NKgO9A?w=500&auto=format","is_subject_to_whitelist":false,"large_image_url":"https://i.seadn.io/gae/ozsdtadqWhFswbgMReMCMmOksixr9gELXBwunGYlqpgCJ03lUkEnriujRePMooiKir9hTkIFEUtp3Gh-shqy_XRmfifdDZTqUqLyZA?w=500&auto=format","medium_username":null,"name":"The Sandbox ASSETS","only_proxied_transfers":false,"opensea_buyer_fee_basis_points":"0","opensea_seller_fee_basis_points":"250","payout_address":"0x7a9fe22691c811ea339d9b73150e6911a5343dca","require_email":false,"short_description":null,"slug":"the-sandbox-assets","telegram_url":null,"twitter_username":null,"instagram_username":null,"wiki_url":null,"is_nsfw":false,"fees":{"seller_fees":{"0x7a9fe22691c811ea339d9b73150e6911a5343dca":500},"opensea_fees":{"0x0000a26b00c1f0df003000390027140000faa719":250}},"is_rarity_enabled":false},"decimals":null,"token_metadata":"ipfs://bafybeigg7cvwqzzzwvx4b6cgyoxs7smrkphxmer2smtrmbx5oh3s4odrse/0.json","is_nsfw":false,"owner":null,"seaport_sell_orders":null,"creator":{"user":{"username":"TheSandboxGame"},"profile_img_url":"https://storage.googleapis.com/opensea-static/opensea-profile/13.png","address":"0x7a9fe22691c811ea339d9b73150e6911a5343dca","config":"verified"},"traits":[],"last_sale":{"asset":{"decimals":null,"token_id":"55464657044963196816950587289035428064568320970692304673817341489688294197248"},"asset_bundle":null,"event_type":"successful","event_timestamp":"2022-11-23T15:20:47","auction_type":null,"total_price":"100000000000000000","payment_token":{"symbol":"WETH","address":"0xc02aaa39b223fe8d0a0e5c4f27ead9083c756cc2","image_url":"https://openseauserdata.com/files/accae6b6fb3888cbff27a013729c22dc.svg","name":"Wrapped Ether","decimals":18,"eth_price":"1.000000000000000","usd_price":"1215.769999999999982000"},"transaction":{"block_hash":"0x4cc11e18a3b2cf045ffa2db08f09aea6decde9623e9592127b170613fdf8ad98","block_number":"16033553","from_account":{"user":{"username":"MasonMcFly"},"profile_img_url":"https://storage.googleapis.com/opensea-static/opensea-profile/23.png","address":"0xc4faec38089d35077355e4c63d739063cd47fd05","config":""},"id":826239023,"timestamp":"2022-11-23T15:20:47","to_account":{"user":null,"profile_img_url":"https://storage.googleapis.com/opensea-static/opensea-profile/11.png","address":"0x00000000006c3852cbef3e08e8df289169ede581","config":""},"transaction_hash":"0x04d47bea276bf85508a7979a5759115864437e9f2029ae4f76de7c12c05bdb5a","transaction_index":"89"},"created_date":"2022-11-23T15:20:50.035738","quantity":"1"},"top_bid":null,"listing_date":null,"supports_wyvern":true,"rarity_data":null,"transfer_fee":null,"transfer_fee_payment_token":null,"token_id":"55464657044963196816950587289035428064568320970692304673817341489688294197248"}
