{"id":127978691,"num_sales":18,"background_color":null,"image_url":"https://i.seadn.io/gae/yTWXrk96LcUScc_HyjdfJ9WGGSMP5XT6DqlbTrmB2fp-OhDCffO6rCMAstTPjni6z__zHd20XDYNKtk2fL1_vLzWjAIhrIiy4GRlmQ?w=500&auto=format","image_preview_url":"https://i.seadn.io/gae/yTWXrk96LcUScc_HyjdfJ9WGGSMP5XT6DqlbTrmB2fp-OhDCffO6rCMAstTPjni6z__zHd20XDYNKtk2fL1_vLzWjAIhrIiy4GRlmQ?w=500&auto=format","image_thumbnail_url":"https://i.seadn.io/gae/yTWXrk96LcUScc_HyjdfJ9WGGSMP5XT6DqlbTrmB2fp-OhDCffO6rCMAstTPjni6z__zHd20XDYNKtk2fL1_vLzWjAIhrIiy4GRlmQ?w=500&auto=format","image_original_url":"https://opensea.mypinata.cloud/ipfs/bafybeibucfemglq6m3olhb4eo72jk2czmdelmoxqzf6isdyd6f4njy3hfe/fantasy-305-jet-ski.png","animation_url":"https://openseauserdata.com/files/cedcc4a3e999bf6c43724b6e06d2abf4.gltf","animation_original_url":"https://opensea.mypinata.cloud/ipfs/bafybeibucfemglq6m3olhb4eo72jk2czmdelmoxqzf6isdyd6f4njy3hfe/fantasy-305-jet-ski.gltf","name":"Fantasy 305 Jet Ski","description":"Party in the city where the heat is on with the limited-edition Fantasy 305 Collection Jet Ski. This Miami-inspired collection will be sure to let you ride in style throughout all the Fantasy Islands and Fantasy Marina as you take on the open seas and Miami nights.","external_link":"https://www.sandbox.game/en/assets/fantasy-305-jet-ski/7df8f788-1281-49a3-8a93-ca03e85bb8a1/","asset_contract":{"address":"0xa342f5d851e866e18ff98f351f2c6637f4478db5","asset_contract_type":"semi-fungible","created_date":"2021-01-16T12:45:09.229936","name":"Sandbox's ASSETs","nft_version":null,"opensea_version":null,"owner":null,"schema_name":"ERC1155","symbol":"ASSET","total_supply":null,"description":"The Sandbox is a community-driven platform where creators can monetize voxel assets and gaming experiences on the blockchain. The Sandbox metaverse comprises a map made up of 166,464 LANDS. LAND owners can host contests and events, stake SAND to earn and customize assets, monetize assets and experiences, vote in the metaverse governance, play games that you or others create, and more! Trade the collection and keep your eyes peeled for future drops.","external_link":null,"image_url":"https://i.seadn.io/gae/SXH8tW1siikB80rwCRnjm1a5xM_MwTg9Xl9Db6mioIk9HIlDM09pVoSR7GKJgS6ulSUpgW9BDtMk_ePX_NKgO9A?w=500&auto=format","default_to_fiat":false,"dev_buyer_fee_basis_points":0,"dev_seller_fee_basis_points":500,"only_proxied_transfers":false,"opensea_buyer_fee_basis_points":0,"opensea_seller_fee_basis_points":250,"buyer_fee_basis_points":0,"seller_fee_basis_points":750,"payout_address":"0x7a9fe22691c811ea339d9b73150e6911a5343dca"},"permalink":"https://opensea.io/assets/ethereum/0xa342f5d851e866e18ff98f351f2c6637f4478db5/69268721851518851203477350973661279010842020632402005181633540539579717650432","collection":{"banner_image_url":"https://i.seadn.io/gcs/files/b83c6be8592dc428c414e46ee34cee0f.png?w=500&auto=format","chat_url":null,"created_date":"2021-08-20T00:09:28.850930+00:00","default_to_fiat":false,"description":"A luxury real estate development project of 100 NFT private islands (comprised of NFT land in The Sandbox + architecturally unique 3D NFT villas) on the Ethereum blockchain.","dev_buyer_fee_basis_points":"0","dev_seller_fee_basis_points":"600","discord_url":"https://discord.gg/GD2jA5Qk","display_data":{"card_display_style":"contain"},"external_url":"https://app.rarible.com/collection/0x68aea268f92b715e073d2f5170039faa4b94a47b","featured":false,"featured_image_url":"https://i.seadn.io/gcs/files/5a5c033661b38668230a12959d3f4b96.png?w=500&auto=format","hidden":false,"safelist_request_status":"verified","image_url":"https://i.seadn.io/gcs/files/40d24d8c85f3d94b076b71f65a4cf7c0.png?w=500&auto=format","is_subject_to_whitelist":false,"large_image_url":"https://i.seadn.io/gcs/files/5a5c033661b38668230a12959d3f4b96.png?w=500&auto=format","medium_username":null,"name":"Fantasy Collection - Yacht Rock Edition","only_proxied_transfers":false,"opensea_buyer_fee_basis_points":"0","opensea_seller_fee_basis_points":"250","payout_address":"0x5aaf594842fe3bf5e01d007a7e2a6caedf3dd449","require_email":false,"short_description":null,"slug":"fantasy-collection-yacht","telegram_url":null,"twitter_username":"Everyrealm","instagram_username":null,"wiki_url":null,"is_nsfw":false,"fees":{"seller_fees":{"0x5aaf594842fe3bf5e01d007a7e2a6caedf3dd449":600},"opensea_fees":{"0x0000a26b00c1f0df003000390027140000faa719":250}},"is_rarity_enabled":false},"decimals":null,"token_metadata":"https://ipfs.io/ipfs/bafybeibslsdtcloitvuhxxzzcj5twts7mnkqpxqjtzxtdillj4xj4kx54m/0.json","is_nsfw":false,"owner":null,"seaport_sell_orders":null,"creator":{"user":{"username":"EveryrealmOfficial"},"profile_img_url":"https://storage.googleapis.com/opensea-static/opensea-profile/16.png","address":"0x9924b50b6b4a14353d1652fcd891da32c81edefc","config":""},"traits":[],"last_sale":{"asset":{"decimals":null,"token_id":"69268721851518851203477350973661279010842020632402005181633540539579717650432"},"asset_bundle":null,"event_type":"successful","event_timestamp":"2022-06-30T04:21:11","auction_type":null,"total_price":"499000000000000000","payment_token":{"symbol":"ETH","address":"0x0000000000000000000000000000000000000000","image_url":"https://openseauserdata.com/files/6f8e2979d428180222796ff4a33ab929.svg","name":"Ether","decimals":18,"eth_price":"1.000000000000000","usd_price":"1215.769999999999982000"},"transaction":{"block_hash":"0x9e75ccbacd047d78ec96129a2db73902045932976e11d2558a8992aa980c4bf2","block_number":"15048542","from_account":{"user":{"username":"JohnnyCardano"},"profile_img_url":"https://storage.googleapis.com/opensea-static/opensea-profile/13.png","address":"0xe0f3b0355d9a3b293c3906a4209b1f382ef2964f","config":""},"id":411480054,"timestamp":"2022-06-30T04:21:11","to_account":{"user":null,"profile_img_url":"https://storage.googleapis.com/opensea-static/opensea-profile/28.png","address":"0x7f268357a8c2552623316e2562d90e642bb538e5","config":""},"transaction_hash":"0x1d4b342dafee6c48757fd7c02223f55336966b3535f22735d3066ef2b67ac71d","transaction_index":"127"},"created_date":"2022-06-30T04:21:36.659317","quantity":"1"},"top_bid":null,"listing_date":null,"supports_wyvern":true,"rarity_data":null,"transfer_fee":null,"transfer_fee_payment_token":null,"token_id":"69268721851518851203477350973661279010842020632402005181633540539579717650432"}
